disease,symptom_id,symptom,symptom_correct,severity,probability,onset,diagnostics,treatments,Correct treatment,main,Checked AF
Alcohol Poisoning,6,Blindness,Blindness,Mid,always,Initial,Interview - Symptoms,,,,
Alcohol Poisoning,5,Coma,Coma,High,always,Initial,Physical Examination,,,,
Alcohol Poisoning,4,Confusion,Confusion,Low,always,Initial,Physical Examination - Cognitive Abilities,,,,
Alcohol Poisoning,3,Dizzyness,Dizziness,Low,always,Initial,Interview - Dizziness,,,,
Bronchitis,1,,,Mid,always,Initial,"{'text': ['Interview - Physical', 'Use device - X-ray - Chest']}",Give Medication - NSAIDs,Give Medication - NSAIDs,yes,yes
Bronchitis,2,Cough,Cough,Low,always,Initial,Interview - cough,,,,yes
Bronchitis,3,Sore throat,Sore Throat,Low,medium,short-term,Interview - Physical,,,,yes
Bronchitis,4,Wheezing,Wheezing,Low,medium,long-term,Interview - Physical,,,,yes
Bronchitis,5,Headache,Headache,Low,medium,short-term,Interview - Headache,Give Medication -  Pain killers,Give Medication - Painkillers,,yes
Bronchitis,6,Runny/blocked nose,Runny/blocked nose,Low,medium,short-term,Interview - Nasal congestion,,,,yes
Bronchitis,7,Fatigue,Fatigue,Low,medium,short-term,Interview - Fatigue,Rest,Give Advice - Rest,,yes
Alcohol Poisoning,2,Pain - Head,Pain - Head,Low,always,Initial,Interview - Pain,Give Medication - Painkiller,Give Medication - Painkillers,,
Alcohol Poisoning,7,Reduced Cognitive Abilities,Reduced Cognitive Abilities,Low,always,Initial,Physical Examination - Cognitive Abilities,,,,
Alcohol Poisoning,1,,,High,always,Initial,Run test - Blood Test,IV Fluids,Use Device - IV (Fluids),yes,
Alcohol-related liver disease,2,abdominal pain,Abdominal pain,Low,always,Initial,Interview - Pain abdominal,,,,
Alcohol-related liver disease,3,fatigue,Fatigue,Low,always,Initial,Interview - Fatigue,,,,
Alcohol-related liver disease,6,fever,Fever,High,medium,long-term,Use Device - Thermometer,,,,
Alcohol-related liver disease,7,itching,Itchiness,Low,medium,long-term,Interview - Physical,,,,
Alcohol-related liver disease,5,yellowing of the skin and whites of the eyes,Jaundice,Low,medium,long-term,Interview - Visual,,,,
Alcohol-related liver disease,4,feeling sick,Nausea,Low,always,Initial,Interview - Nausea,,,,
Alcohol-related liver disease,1,,,Low,always,Initial,"{'text': ['blood tests', 'ultrasound', 'ct-scan', 'mri', 'biopsy', 'endoscopy']}","{'text': ['quit alcohol', 'diet', 'liver transplant', 'corticosteroids', 'pentoxifylline']}","{'text': ['quit alcohol', 'diet', 'liver transplant', 'corticosteroids', 'pentoxifylline']}",yes,
Allergic rhinitis,4,Itchiness - Nose,Itchiness - Nose,Low,always,Initial,Interview - Physical,,,,
Meningitis,1,,,Low,always,Initial,"{'text': ['Procedure - Physical Examination', 'Run Test - Blood Test', 'Run Test - Lumbar Puncture', 'Use Device - CT']}","{'text': ['Give Medication - Antibiotics against bacterial meningitis', 'Give Advice - Rest (viral meningitis)', 'Give Medication - Painkillers']}","{'text': ['Give Medication - Antibiotics against bacterial meningitis', 'Give Advice - Rest (viral meningitis)', 'Give Medication - Painkillers']}",yes,yes
Meningitis,2,Fever,Fever,Low,medium,Initial,Physical Examination,,,,yes
Meningitis,3,Headache,Headache,Low,medium,Initial,Interview,Give Medication - Painkillers,Give Medication - Painkillers,,yes
Meningitis,4,blotchy rash,blotchy rash,Low,medium,Initial,Physical Examination,,,,yes
Meningitis,5,stiff neck,stiff neck,Low,medium,Initial,"{'text': ['Physical Examination', 'Interview']}",,,,yes
Meningitis,6,dislike of bright lights,Photophobia,Low,medium,Initial,Interview,,,,yes
Meningitis,7,drowsiness,Drowsiness,Low,medium,Initial,Interview,,,,yes
Angioedema,1,,,Low,always,Initial,Run Test - Blood Test,No Treatment,No Treatment,yes,yes
Angioedema,2,Swelling - Face,Swelling - Face,Low,high,Initial,Physical Examination - Face,Give Medication - Antihistamines,Give Medication - Antihistamines,,yes
Angioedema,3,Swelling - Hands,Swelling - Hands,Low,always,Initial,Physical Examination - Hands,Give Medication - Antihistamines,Give Medication - Antihistamines,,yes
Angioedema,4,Swelling - Feet,Swelling - Feet,Low,always,Initial,Physical Examination - Feet,Give Medication - Antihistamines,Give Medication - Antihistamines,,yes
Allergic rhinitis,3,runny nose,Runny nose,Low,always,Initial,,,,,
Allergic rhinitis,2,stuffed nose,Stuffed Nose,Low,always,Initial,Interview - Symptoms,,,,
Allergic rhinitis,1,,,Low,always,Initial,Physical Examination - Nose,Give Medication - Antihistamines,Give Medication - Antihistamines,yes,
Anaphylaxis,7,Fainting,Fainting,High,always,Initial,Physical Examination,,,,
Anaphylaxis,5,Nausea,Nausea,Low,always,Initial,Interview - Nausea,,,,
Anaphylaxis,4,Pain - Stomach,Pain - Stomach,Low,always,Initial,Interview - Pain,,,,
Anaphylaxis,2,redness,Redness,Low,always,Initial,Physical Examination,,,,
Anaphylaxis,6,Shortness of Breath,Shortness of Breath,Low,always,Initial,Physical Examination - Breathing,,,,
Anaphylaxis,3,Swelling - Face,Swelling - Face,Low,always,Initial,Physical Examination - Face,,,,
Anaphylaxis,1,,,High,always,Initial,Interview - Symptoms,Give Medication - Adrenaline,Give Medication - Adrenaline,yes,
Asbestosis,3,cough,Cough,Mid,high,long-term,Interview - cough,,,,
Asbestosis,4,fatigue,Fatigue,Mid,high,long-term,Interview - Fatigue,,,,
Asbestosis,5,pain - chest,Pain - Chest,Mid,always,long-term,Interview - pain,,,,
Asbestosis,2,Shortness of breath,Shortness of Breath,Mid,high,long-term,Physical Examination - Breathing,,,,
Asbestosis,6,wheezing,Wheezing,Mid,high,long-term,Interview - physical,,,,
Asbestosis,1,,,High,always,long-term,"{'text': ['Use Device - X-ray', 'Use Device - CT scanner']}","{'text': ['Oxygen therapy', 'Pulmonary rehabilitation']}","{'text': ['Oxygen therapy', 'Pulmonary rehabilitation']}",yes,
Bladder cancer,2,hematuria,Haematuria,Mid,always,short-term,Interview - urine,,,,
Bladder cancer,6,Pain - back,Pain - Back,Mid,medium,long-term,Interview - Pain,Give medication - Pain killers,Give Medication - Painkillers,,
Acute pancreatitis,1,,,High,always,Initial,Run Test - Blood lipase and amylase,Use Device - IV (Fluids),Use Device - IV (Fluids),yes,yes
Acute pancreatitis,2,Nausea,Nausea,Mid,medium,short-term,Interview - Nausea,Give Medication - Antiemetics,Give Medication - Antiemetics,,yes
Acute pancreatitis,3,Fever,Fever,Mid,medium,short-term,Use Device - Thermometer,Give Medication - Antipyretic,Give Medication - Antipyretic,,yes
Acute pancreatitis,4,Jaundice,Jaundice,Low,medium,short-term,Interview - Visual,,,,yes
Acute pancreatitis,5,Diarrhoea,Diarrhoea,Mid,medium,short-term,Interview - Diarrhoea,Use Device - IV (Fluids),Use Device - IV (Fluids),,yes
Acute pancreatitis,6,Tenderness - Abdominal,Tenderness - Abdominal,Mid,medium,Initial,Interview - Physical,,,,yes
Acute pancreatitis,7,Pain - Abdominal,Pain - Abdomen,Mid,always,Initial,Interview - Pain,Give Medication - Pain Killers,Give Medication - Painkillers,,yes
Bladder cancer,4,Pain - urinate,Pain - Urinate,Mid,always,short-term,Interview - Pain,Give medication - Pain killers,Give Medication - Painkillers,,
Bladder cancer,7,Swelling - legs,Swelling - Legs,Mid,medium,long-term,Interview - Physical,,,,
Bladder cancer,3,urge to urinate,urge to urinate,Mid,always,short-term,Interview,,,,
Bladder cancer,5,Weight loss,Weight Loss,Mid,medium,long-term,Physical Examination - Weight,,,,
Bladder cancer,1,,,High,always,long-term,"{'text': ['Cystoscopy', 'Use Device - CT scanner', 'Use Device - MRI']}","{'text': ['Transurethral resection of a bladder tumour (TURBT)', 'Radiotherapy', 'Chemotherapy']}","{'text': ['Surgery - Transurethral resection of a bladder tumour (TURBT)', 'Radiotherapy', 'Chemotherapy']}",yes,
Blood poisoning (sepsis),5,Confusion,Confusion,Mid,high,Initial,Physical Examination - Cognitive Abilities,,,,
Blood poisoning (sepsis),3,fever,Fever,Mid,always,Initial,Use Device - Thermometer,,,,
Blood poisoning (sepsis),6,Nausea,Nausea,Low,always,Initial,Interview - Nausea,Give Medication - Anti Nausea,Give Medication - Antiemetics,,
Blood poisoning (sepsis),7,Muscle Pain,Pain - Muscles,Low,high,Initial,Interview - Pain,Give Medication - Painkiller,Give Medication - Painkillers,,
Blood poisoning (sepsis),2,Shortness of Breath,Shortness of Breath,Mid,high,Initial,"{'text': ['Physical Examination - Breathing', 'Interview - Symptoms']}",,,,
Blood poisoning (sepsis),4,Increased heartrate,Tachycardia,Low,high,Initial,Physical Examination - Heart,,,,
Blood poisoning (sepsis),1,,,High,always,Initial,Run Test - Blood test,Give Medication - Antibiotics,Give Medication - Antibiotics,yes,
Brain tumours,2,headache,Headache,Low,medium,long-term,Interview,,,,
Brain tumours,5,mental or behavioural changes,mental or behavioural changes,Low,medium,long-term,Interview,,,,
Brain tumours,4,"persistent nausea, vomiting and drowsiness","persistent nausea, vomiting and drowsiness",Low,medium,long-term,Interview,,,,
Brain tumours,6,progressive weakness or paralysis on one side of the body,progressive weakness or paralysis on one side of the body,Low,medium,long-term,"{'text': ['Interview', 'Physical Examination']}",,,,
Brain tumours,3,seizures,seizures,Low,medium,long-term,Interview,,,,
Brain tumours,7,vision problems,vision problems,Low,medium,long-term,"{'text': ['Interview', 'Physical Examination']}",,,,
Brain tumours,1,,,High,always,Initial,"{'text': ['Neurological Exam', 'Use Device - MRI', 'Use Device - CT', 'Use Device - PET', 'Run Test - Biopsy']}","{'text': ['Surgery - remove abnormal tissue', 'Radiotherapy', 'Chemotherapy']}","{'text': ['Surgery - remove abnormal tissue', 'Radiotherapy', 'Chemotherapy']}",yes,
Broken Leg,6,Discoloration - Leg,Discoloration - Leg,Low,always,Initial,Physical Examination - Leg,,,,
Broken Leg,2,Pain - Leg,Pain - Leg,Low,always,Initial,Interview - Pain,Give Medication - Painkiller,Give Medication - Painkillers,,
Broken Leg,5,Redness - Leg,Redness - Leg,Low,always,Initial,Physical Examination - Leg,,,,
Broken Leg,3,Stiffness - Leg,Stiffness - Leg,Low,always,Initial,Physical Examination - Leg,Physiotherapy,Physiotherapy,,
Broken Leg,4,Swelling - Leg,Swelling - Leg,Low,always,Initial,Physical Examination - Leg,Ice Wrap,Ice Wrap,,
Broken Leg,1,,,High,always,Initial,Use Device - X-Ray - Leg,Leg cast,Leg cast,yes,
Bronchiectasis,5,chest pain,Chest Pain,Low,high,Initial,Interview - Pain,,,,
Bronchiectasis,3,persistent cough,Cough,Low,always,Initial,Interview - cough,,,yes,
Bronchiectasis,6,joint pain,Pain - Joints,Low,high,Initial,Interview - Pain,,,,
Asthma,1,,,Mid,low,Initial,"{'text': ['Run Test - Spirometry', 'Run Test - Peak expiratory flow test']}",Asthma management,Asthma management,yes,yes
Asthma,2,wheezing,Wheezing,Mid,high,Initial,Interview - Physical,,,,yes
Asthma,3,shortness of breath,Shortness of Breath,Mid,high,Initial,Interview - Physical,,,,yes
Asthma,4,coughing,Cough,Mid,high,Initial,Interview - cough,,,,yes
Asthma,5,tachycardia,Tachycardia,High,low,long-term,EEG,Give Medication - Reliever inhaler,Give Medication - Reliever inhaler,,yes
Asthma,6,dizziness,Dizziness,High,low,long-term,Interview - Physical,Give Medication - Reliever inhaler,Give Medication - Reliever inhaler,,yes
Asthma,7,caynosis,Cyanosis,High,low,long-term,Interview - Visual,Give Medication - Reliever inhaler,Give Medication - Reliever inhaler,,yes
Bronchiectasis,2,shortness of breath,Shortness of Breath,High,high,Initial,Physical Examination - Breathing,,,,
Bronchiectasis,4,wheezing,Wheezing,Low,high,Initial,Physical examination,,,,
Bronchiectasis,1,,,Mid,always,Initial,"{'text': ['Interview', 'ct-scan', 'blood test', 'sputum test', 'lung-function', 'bronchoscopy']}","{'text': ['vaccines', 'quit smoking', 'excersising', 'keep hydrated', 'balanced diet']}","{'text': ['vaccines', 'quit smoking', 'excersising', 'keep hydrated', 'balanced diet']}",yes,
Bulimia,2,Binge eating,Binge eating,Mid,medium,Initial,Interview - Binge eating,,,,
Bulimia,4,Mood changes,Mood changes,Mid,always,Initial,Interview - Mood,,,,
Bulimia,5,Over excertion,Over excertion,Mid,medium,Initial,Interview - Purging,,,,
Bulimia,3,Self induced vomiting,Self induced vomiting,Mid,medium,Initial,Interview - Purging,,,,
Bulimia,1,,,Mid,always,Initial,Interview - Bulimia,Psychological treatment - Bulimia,Psychological treatment - Bulimia,yes,
Bunion,3,Arthritis,Arthritis,Low,medium,short-term,"{'text': ['Examination - Big Toe', 'Interview - Pain']}",Give Medication - Painkiller,Give Medication - Painkillers,,
Bunion,2,Swelling,Swelling,Low,medium,short-term,"{'text': ['Examination - Big Toe', 'Interview - Pain']}",Give Medication - Painkiller,Give Medication - Painkillers,,
Bunion,1,,,Low,always,Initial,"{'text': ['Interview - Pain', 'Examination - Big Toe']}","{'text': ['Give Advice - Change footwear', 'Give Medication - Painkiller', 'Surgery']}","{'text': ['Give Advice - Change footwear', 'Give Medication - Painkiller', 'Surgery']}",yes,
Catarrh,4,Cough,Cough,Low,always,Initial,Interview - Symptoms,Give Medication - Cough Medicine,Give Medication - Cough Medicine,,
Catarrh,6,Crackling in Ear,Crackling in Ear,Low,always,Initial,Interview - Symptoms,,,,
Catarrh,5,Headache,Headache,Low,always,Initial,Interview - Pain,Give Medication - Painkillers,Give Medication - Painkillers,,
Catarrh,3,runny nose,Runny nose,Low,always,Initial,Interview - Nose,Give Medication - Decongestant,Give Medication - Decongestant,,
Catarrh,2,blocked throat,Throat congestion,Low,always,Initial,Interview - throat,Give Advice - Hydration,Give Advice - Hydration,,
Catarrh,1,,,Low,always,Initial,Physical Examination,Give Advice - Hydration,Give Advice - Hydration,yes,
Chickenpox,6,Fever,Fever,Low,medium,Initial,Use Device - Thermometer,Give Medication - Antipyretic,Give Medication - Antipyretic,,
Chickenpox,7,Nausea,Nausea,Low,medium,Initial,Interview - Nausea,Give Medication - Antiemetic,Give Medication - Antiemetics,,
Chickenpox,4,Rash - Arms,Rash - Arms,Low,medium,Initial,Interview - Visual,,,,
Chickenpox,2,Rash - Face,Rash - Face,Low,high,Initial,Interview - Visual,,,,
Chickenpox,5,Rash - Legs,Rash - Legs,Low,medium,Initial,Interview - Visual,,,,
Chickenpox,3,Rash - Torso,Rash - Torso,Low,always,Initial,Interview - Visual,,,,
Chickenpox,1,,,Mid,always,Initial,"{'text': ['Run Test - Immunity', 'Interview - Chickenpox']}","{'text': ['Give Medication - Antipyretic', 'Give Advice - hydrate', 'Give Advice - Rest', 'Give Medication - Antiviral']}","{'text': ['Give Medication - Antipyretic', 'Give Advice - hydrate', 'Give Advice - Rest', 'Give Medication - Antiviral']}",yes,
Chronic fatigue syndrome,6,Aphasia,Aphasia,Low,low,short-term,Interview - Aphasia,Therapy - speech and language,Therapy - speech and language,,
Chronic fatigue syndrome,5,Clouding of consciousness,Clouding of consciousness,Low,high,short-term,Interview - Clouding of consciousness,"{'text': ['Give advise - lower stress levels', 'Give advise - get more sleep', 'Give advise - change diet']}","{'text': ['Give advise - lower stress levels', 'Give advise - get more sleep', 'Give advise - change diet']}",yes,
Chronic fatigue syndrome,7,Depression,Depression,Low,medium,short-term,Interview - Depression,"{'text': ['Give medication - antidepressants', 'Therapy - CBT', 'Give medication - CBT', 'Give advice - counselling']}","{'text': ['Give medication - antidepressants', 'Therapy - CBT', 'Give medication - CBT', 'Give advice - counselling']}",,
Chronic fatigue syndrome,3,Fatigue,Fatigue,Low,always,short-term,Interview - Fatigue,Give Advice - Rest,Give Advice - Rest,yes,
Chronic fatigue syndrome,4,Insomnia,Insomnia,Low,high,short-term,Interview - Insomnia,"{'text': ['Give Medication - CBT', 'Therapy - CBT']}","{'text': ['Give Medication - CBT', 'Therapy - CBT']}",,
Chronic fatigue syndrome,2,Pain (severe),Pain (severe),Low,medium,short-term,Interview - Pain,Give Medication - Painkillers,Give Medication - Painkillers,,
Chronic fatigue syndrome,1,,,Low,always,Initial,"{'text': ['Run test - Physical examination', 'Interview - Chronic fatigue syndrome']}","{'text': ['Give advice - review medical plan', 'Give advice - change diet', 'Give advice - pacing', 'Give advice - Counselling', 'Give Medication - CBT', 'Therapy - CBT']}","{'text': ['Give advice - review medical plan', 'Give advice - change diet', 'Give advice - pacing', 'Give advice - Counselling', 'Give Medication - CBT', 'Therapy - CBT']}",yes,
Chronic lymphocytic leukaemia,2,anaemia,Anaemia,Mid,medium,long-term,Run Test - Blood Test,Procedure - Blood Transfusion,Procedure - Blood Transfusion,,
Chronic lymphocytic leukaemia,3,bleeding and bruising more easily than normal,bleeding and bruising more easily than normal,Low,medium,long-term,Interview,,,,
Chronic lymphocytic leukaemia,4,fever,Fever,Low,medium,long-term,Use Device - Thermometer,,,,
Chronic lymphocytic leukaemia,5,night sweats,night sweats,Low,medium,long-term,Interview,,,,
Chronic lymphocytic leukaemia,6,"swollen glands in your neck, armpits or groin",Swollen Lymph Nodes,Low,medium,long-term,"{'text': ['Physical Examination', 'Use Device - X-ray', 'Use Device - Ultrasound', 'Use Device - CT']}",,,,
Chronic lymphocytic leukaemia,7,unintentional weight loss,Weight Loss,Low,always,long-term,Interview,,,,
Chronic lymphocytic leukaemia,1,,,High,always,Initial,"{'text': ['Run Test - Blood test', 'Use Device - X-ray', 'Use Device - Ultrasound', 'Use Device - CT', 'Run Test - Bone marrow biopsy', 'Run Test - Lymph node biopsy', 'Run Test - Genetic test']}","{'text': ['Chemotherapy', 'Surgery - Stem cell transplant', 'Surgery - bone marrow transplant']}","{'text': ['Chemotherapy', 'Surgery - Stem cell transplant', 'Surgery - bone marrow transplant']}",yes,
Chronic obstructive pulmonary disease,7,tiredness and fatigue,Fatigue,Mid,medium,long-term,Interview - Fatigue,,,,
Chronic obstructive pulmonary disease,4,"frequent chest infections, particular in winter",Frequent Chest Infections,High,medium,short-term,run test - phlegm sample,"{'text': ['take medication - steroid inhaler', 'take medication - antibiotics']}","{'text': ['Give Medication - steroid inhaler', 'Give Medication - Antibiotics']}",,
Chronic obstructive pulmonary disease,2,increasing breathlessness when exercising or moving around,increasing breathlessness when exercising or moving around,High,high,long-term,interview - consultation,"{'text': ['take medication - short-acting bronchodilator inhaler', 'take medication - long-acting bronchodilator inhaler']}","{'text': ['take medication - short-acting bronchodilator inhaler', 'take medication - long-acting bronchodilator inhaler']}",yes,
Chronic obstructive pulmonary disease,3,persistent cough with phlegm that never seems to go away,persistent cough with phlegm that never seems to go away,Mid,high,long-term,interview - consultation,take medication - mucolytic tablet or capsules,Give Medication - mucolytic tablet or capsules,yes,
Chronic obstructive pulmonary disease,6,weight loss,Weight Loss,Mid,medium,long-term,use device - scale,,,,
Chronic obstructive pulmonary disease,5,wheezing,Wheezing,Mid,high,long-term,use device - stethoscope,,,,
Chronic obstructive pulmonary disease,1,,,High,low,long-term,"{'text': ['use device - breathing test', 'use device - spirometry', 'use device - chest x-ray', 'run test - blood test', 'use device - peak flow test', 'use device - pulse oximeter']}","{'text': ['stop smoking', 'use device - inhaler', 'use device - nebulised medication', 'partake in program - pulmonary rehabilitation program', 'use device - short-term and long-term oxygen therapy']}","{'text': ['stop smoking', 'use device - inhaler', 'use device - nebulised medication', 'partake in program - pulmonary rehabilitation program', 'use device - short-term and long-term oxygen therapy']}",yes,
Chronic pancreatitis,1,,,Mid,always,long-term,"{'text': ['Interview - Pain', 'Use Device - Ultrasound', 'Use Device - CT', 'Run Test - Stool', 'Use Device - MRI']}","{'text': ['Give Advice - Avoid Alcohol', 'Give Advice - Stop smoking', 'Give Advice - Dietary Changes', 'Give Medication - Painkiller', 'Give Medication - Steroids', 'Surgery']}","{'text': ['Give Advice - Avoid Alcohol', 'Give Advice - Stop smoking', 'Give Advice - Dietary Changes', 'Give Medication - Painkiller', 'Give Medication - Steroids', 'Surgery']}",yes,
Cirrhosis,2,Fatigue,Fatigue,Low,high,short-term,Interview - Fatigue,,,,
Cirrhosis,5,Jaundice,Jaundice,Low,high,short-term,Interview - Visual,,,,
Cirrhosis,3,Loss of apetite,Loss of Apetite,Mid,medium,short-term,Interview - Appetite,,,,
Cirrhosis,6,Swelling - legs,Swelling - Legs,Mid,high,short-term,Interview - Visual,,,,
Cirrhosis,7,Tenderness - Abdominal,Tenderness - Abdominal,Mid,high,short-term,Physical examination - Abdominal,,,,
Cirrhosis,4,Weight loss,Weight Loss,High,high,short-term,Physical Examination - Weight,,,,
Cirrhosis,1,,,High,always,long-term,"{'text': ['Run Test - Blood test - liver function', 'Use Device - Ultrasound', 'Use Device - CT Scanner', 'Use Device - MRI', 'Run Test - Biopsy - Liver']}",Cirrhosis management,Cirrhosis management,yes,
Coeliac disease,5,Anaemia,Anaemia,Mid,medium,long-term,Run Test - Full Bloodcount,,,,
Coeliac disease,7,Depression,Depression,Mid,medium,long-term,Interview - Depression,,,,
Coeliac disease,2,Diarrhoea,Diarrhoea,Mid,medium,short-term,Interview - Diarrhoea,,,,
Coeliac disease,6,Fatigue,Fatigue,Mid,medium,short-term,Interview - Fatigue,,,,
Coeliac disease,4,Nausea,Nausea,Mid,medium,short-term,Interview - Nausea,,,,
Coeliac disease,3,Skin rash,Skin Rash,Mid,medium,short-term,Interview - visual,,,,
Coeliac disease,1,,,Mid,always,long-term,Run Test - Antibodies in blood,Give Advice - Diet Modification,Give Advice - Diet Modification,yes,
Congenital heart disease,7,breathing problems,Breathing problems,Mid,medium,long-term,interview - pulse oximetry,give device - oxygen mask,Oxygenotherapy,,
Congenital heart disease,6,chest pains,Chest Pain,Mid,medium,long-term,Interview - Pain,give medication - pain killer,Give Medication - Painkillers,,
Congenital heart disease,2,"blue coloured tinge to the lips, fingers and toes (cyanosis)",Cyanosis,Low,medium,long-term,Physical Examination - Hands,,,,
Congenital heart disease,4,fainting,Fainting,High,medium,long-term,Physical Examination,,,,
Congenital heart disease,5,fatigue,Fatigue,Mid,medium,long-term,Interview - Fatigue,,,,
Congenital heart disease,3,palpitations,Palpitations,High,medium,long-term,use device - echocardiogram,,,,
Congenital heart disease,1,,,High,low,Initial,"{'text': ['electrocardiogram (ECG)', 'Chest X-ray', 'cardiac catheterisation']}","{'text': ['surgery - catheters', 'surgery - open heart surgery', 'surgery - heart transplant', 'watchful waiting']}","{'text': ['surgery - catheters', 'surgery - open heart surgery', 'surgery - heart transplant', 'watchful waiting']}",yes,
Conjunctivitis,3,discharge,Discharge - Eye,Low,always,short-term,Interview - Visual,,,,
Conjunctivitis,4,Itchiness,Itchiness,Low,always,Initial,Interview - Physical,Give medication - Antihistamines,Give Medication - Antihistamines,,
Conjunctivitis,6,pain-eyes,Pain - Eyes,Low,always,short-term,Interview - pain,,,,
Conjunctivitis,5,photophobia,Photophobia,Low,always,short-term,Run test - Photophobia,,,,
Conjunctivitis,2,Red eyes,Red eyes,Low,always,short-term,Interview - Visual,,,,
Conjunctivitis,1,,,Low,always,short-term,Run Test - Eye secretion swab,Give medication - Antibiotics,Give medication - Antibiotics,yes,
Cubital Tunnel Syndrome,4,Muscle Weakness,Muscle Weakness,Low,always,Initial,"{'text': ['Physical Examination', 'Interview - Symptoms']}",Give Medication - Antipyretic,Give Medication - Antipyretic,,
Cubital Tunnel Syndrome,2,Pain - Elbow,Pain - Elbow,Low,always,Initial,Interview - Pain,,,,
Cubital Tunnel Syndrome,3,Pain - Hand,Pain - Hand,Low,always,Initial,Interview - Pain,,,,
Cubital Tunnel Syndrome,5,Stiffness - Arm,Stiffness - Arm,Low,always,Initial,"{'text': ['Physical Examination', 'Interview - Symptoms']}","{'text': ['Physical Therapy', 'Give Advice - Rest']}","{'text': ['Physical Therapy', 'Give Advice - Rest']}",,
Cubital Tunnel Syndrome,6,Unusual Hand Position,Unusual Hand Position,Low,always,Initial,Physical Examination - Hand,,,,
Cubital Tunnel Syndrome,1,,,Low,always,Initial,Electromyogram,Splint,Splint,yes,
Cystic fibrosis,6,constipation,Constipation,Low,high,short-term,Interview - constipation,Diet modification,Give Advice - Diet Modification,,
Cystic fibrosis,3,cough,Cough,Low,high,short-term,Interview - cough,"{'text': ['Give medicine - Antibiotics', 'Give medicine - Bronchodilators', 'Give medicine - mucus thiner']}","{'text': ['Give medicine - Antibiotics', 'Give medicine - Bronchodilators', 'Give medicine - mucus thiner']}",,
Cystic fibrosis,5,diarrhoea,Diarrhoea,Mid,high,short-term,Interview - Diarrhoea,Diet modification,Give Advice - Diet Modification,,
Cystic fibrosis,7,infertility,Infertility,Low,medium,long-term,Do test - sperm count,,,,
Cystic fibrosis,2,jaundice,Jaundice,Mid,high,short-term,Interview - Visual,,,,
Cystic fibrosis,4,stuffy nose,Stuffed Nose,Low,high,short-term,Interview - Symptoms,"{'text': ['Give medicine - mucus reduction medicine', 'Give medicine - mucus thinner']}","{'text': ['Give medicine - mucus reduction medicine', 'Give medicine - mucus thinner']}",,
Cystic fibrosis,1,,,High,always,Initial,"{'text': ['Run test - Sweat', 'Run test - Genetic']}",Management of Cystic fibrosis,Management of Cystic fibrosis,yes,
Cystitis,5,cloudy urine,cloudy urine,Low,high,short-term,Interview - urine,,,,
Cystitis,2,hematuria,Haematuria,Low,high,short-term,Interview - urine,,,,
Cystitis,6,Pain - lower abdomen,Pain - Lower Abdomen,Low,high,short-term,Interview - Physical,Give medication - Painkillers,Give Medication - Painkillers,,
Cystitis,4,Pain - urinate,Pain - Urinate,Low,high,short-term,Interview - Pain,Give medication - Painkillers,Give Medication - Painkillers,,
Cystitis,3,urge to urinate,urge to urinate,Low,high,short-term,Interview,,,,
Cystitis,1,,,Mid,always,Initial,Run Test - Urine analysis,Give medication - Antibiotics,Give medication - Antibiotics,yes,
Deep vein thrombosis,6,Chest Pain,Chest Pain,Low,always,Initial,Interview - Pain,,,,
Deep vein thrombosis,2,Pain - Leg,Pain - Leg,Low,always,Initial,Interview - Pain,Give Medication - Painkiller,Give Medication - Painkillers,,
Deep vein thrombosis,7,Pulmonary Embolism,Pulmonary Embolism,High,medium,short-term,,Give Medicine - Anticoagulant,Give Medication - Blood Thiners,,
Deep vein thrombosis,4,Redness - Leg,Redness - Leg,Low,always,Initial,,,,,
Deep vein thrombosis,5,Shortness of Breath,Shortness of Breath,Low,always,Initial,Physical Examination - Breathing,,,,
Deep vein thrombosis,3,Swelling - Leg,Swelling - Leg,Low,always,Initial,Physical Examination - Legs,,,,
Deep vein thrombosis,1,,,Low,always,Initial,"{'text': ['Run Test - Blood Test', 'Use Device - Ultrasound']}",Give Medicine - Anticoagulant,Give Medication - Blood Thiners,yes,
Dehydration,4,Dark urine,Dark urine,Low,always,Initial,Interview - Visual,Give advice - Drink more water,Give Advice - Hydration,yes,
Dehydration,7,Dizziness,Dizziness,Low,high,Initial,Interview - Dizziness,Give Advice - Rest,Give Advice - Rest,,
Dehydration,3,Fatigue,Fatigue,Low,always,Initial,Interview - Fatigue,Give Advice - Rest,Give Advice - Rest,,
Dehydration,5,Oliguria,Oliguria,Low,always,Initial,Interview - Oliguria,Give advice - Drink more water,Give Advice - Hydration,,
Dehydration,6,Rapid heartbeat,Tachycardia,Low,high,Initial,Use device - Echocardiogram,Give Advice - Rest,Give Advice - Rest,,
Dehydration,2,Xerostomia,Xerostomia,Low,always,Initial,Interview - Xerostomia,Give advice - drink more water,Give Advice - Hydration,yes,
Dehydration,1,,,Low,always,Initial,Interview - Dehydration,Give advice - drink more water,Give Advice - Hydration,yes,
Earache,1,,,Low,always,Initial,Interview - pain,"{'text': ['painkillers', 'eardrops']}","{'text': ['painkillers', 'eardrops']}",yes,
Ebola virus disease,2,fever (high),Fever,Low,always,Initial,Use Device - Thermometer,give medication - antipyretic,Give Medication - Antipyretic,,
Ebola virus disease,3,headache,Headache,Mid,high,Initial,interview - consultation,give medication - ibuprofen / paracetamol,Give Medication - ibuprofen / paracetamol,,
Ebola virus disease,7,"hemorrhaging, bleeding or bruising","hemorrhaging, bleeding or bruising",High,low,Initial,Interview - Symptoms,,,,
Ebola virus disease,4,joint and muscle pain,joint and muscle pain,Low,high,short-term,interview - consultation,give medication - ibuprofen / paracetamol,Give Medication - ibuprofen / paracetamol,,
Ebola virus disease,6,severe muscle weakness,severe muscle weakness,Mid,high,Initial,test - grip strength,,,,
Ebola virus disease,5,sore throat,Sore Throat,Low,high,Initial,interview - consultation,,,,
Ebola virus disease,1,,,High,low,Initial,"{'text': ['run test - pcr ', 'run test - antibody']}",give medication - monoclonal antibodies,Give Medication - monoclonal antibodies,yes,
Elbow bursitis,5,Fever,Fever,Low,medium,Initial,Use Device - Thermometer,,,,
Elbow bursitis,6,Muscle Weakness,Muscle Weakness,Low,always,Initial,Physical Examination,,,,
Elbow bursitis,4,Pain - Elbow,Pain - Elbow,Low,always,Initial,Interview - Pain,,,,
Elbow bursitis,2,Redness - Elbow,Redness - Elbow,Low,high,Initial,Physical Examination - Arm,,,,
Elbow bursitis,7,Stiffness - Arm,Stiffness - Arm,Low,always,Initial,,Give Medication - Antipyretics,Give Medication - Antipyretic,,
Elbow bursitis,3,Swelling - Elbow,Swelling - Elbow,Low,always,Initial,Physial Examination - Arm,Ice Wrap,Ice Wrap,,
Elbow bursitis,1,,,Low,always,Initial,Use Device - Ultrasonography,Give Medication - Corticosteroid,Give Medication - Corticosteroids,yes,
Endocarditis,5,Chills,Chills,Low,always,Initial,Interview - Symptoms,,,,
Endocarditis,4,Fever,Fever,Low,always,Initial,Use Device - Thermometer,,,,
Endocarditis,7,High CRP,High CRP,Low,always,Initial,Run Test - Blood Test,,,,
Endocarditis,2,Pain - Muscles,Pain - Muscles,Low,always,Initial,Interview - Pain,,,,
Endocarditis,3,Petechiae,Petechiae,Low,always,Initial,Physical Examination,,,,
Endocarditis,6,Shortness of Breath,Shortness of Breath,Low,always,Initial,Physical Examination - Breathing,,,,
Endocarditis,1,,,High,always,Initial,ECHO,Give Medication - Antibiotics,Give Medication - Antibiotics,yes,
Escherichia coli (E. coli) O157,5,Bloody Stool,Bloody Stool,High,medium,Initial,Interview - Symptoms,,,,
Escherichia coli (E. coli) O157,3,Cramps - Stomach,Cramps - Stomach,Low,always,Initial,Interview - Pain,,,,
Escherichia coli (E. coli) O157,2,diarrhoea,Diarrhoea,Low,always,Initial,Interview - Diarrhoea,Give Medication - Antidiuretic,Give Medication - Antidiuretic,,
Escherichia coli (E. coli) O157,4,Fever,Fever,Low,always,Initial,Use Device - Thermometer,,,,
Escherichia coli (E. coli) O157,1,,,Low,always,Initial,Run Test - Stool sample,Give Advice - Hydration,Give Advice - Hydration,yes,
Fever in adults,1,,,Low,always,Initial,Use Device - Thermometer,"{'text': ['Give Medication - Painkiller', 'Give Advice - Bedrest']}","{'text': ['Give Medication - Painkiller', 'Give Advice - Bedrest']}",yes,
Fever in children,1,,,Mid,high,Initial,use device - thermometer,"{'text': ['give water - hydration', 'give liquids - breast milk or formula', 'give medication - antipyretics (paracetamol / ibuprofen)']}","{'text': ['give water - hydration', 'give liquids - breast milk or formula', 'give medication - antipyretics (paracetamol / ibuprofen)']}",yes,
Fibromyalgia,3,Fatigue,Fatigue,Low,high,Initial,Interview - Fatigue,,,,
Fibromyalgia,4,Muscle Stiffness,Muscle Stiffness,Mid,high,Initial,"{'text': ['Physical Examination', 'Interview - Symptoms']}",,,,
Fibromyalgia,5,Reduced Mental Capacity,Reduced Mental Capacity,Mid,medium,Initial,Interview - Cognitive functions,,,,
Fibromyalgia,6,Difficulty Sleeping,Sleeping problems,Mid,low,Initial,Interview - Sleep,Give Medication - Sleeping Aid,Give Medication - Sleeping Aid,,
Fibromyalgia,2,Widespread Pain,Widespread Pain,Mid,always,Initial,Interview - Symptoms,"{'text': ['Give Medication - Painkillers', 'Cognitive Behavioural Therapy', 'Give Medication - Antidepressants']}","{'text': ['Give Medication - Painkillers', 'Cognitive Behavioural Therapy', 'Give Medication - Antidepressants']}",yes,
Fibromyalgia,1,,,Mid,always,Initial,,,,yes,
Food poisoning,2,diarrhoea,Diarrhoea,Low,always,Initial,Interview - Diarrhoea,,,,
Food poisoning,6,fatigue,Fatigue,Low,always,Initial,Interview - Fatigue,,,,
Food poisoning,5,fever,Fever,Low,always,Initial,Use Device - Thermometer,,,,
Food poisoning,3,vomiting,Nausea,Low,always,Initial,Interview - Nausea,,,,
Food poisoning,4,Nausea,Nausea,Low,always,Initial,Interview - Nausea,,,,
Food poisoning,1,,,Low,always,Initial,Interview - History,"{'text': ['Home Treatment', 'Give Medication - Antibiotics']}","{'text': ['Home Treatment', 'Give Medication - Antibiotics']}",yes,
Foot contusion,3,Discoloration - Foot,Discoloration - Foot,Low,high,short-term,Physical Examination - Foot,,,,
Foot contusion,2,Pain - Foot,Pain - Foot,Low,always,Initial,Interview - Pain,Give Medication - Painkiller,Give Medication - Painkillers,,
Foot contusion,4,Swelling - Foot,Swelling - Foot,Low,always,Initial,Physical Examination,,,,
Foot contusion,1,,,Low,always,Initial,Physical Examination,"{'text': ['Give Advice - Rest', 'Crutches']}","{'text': ['Give Advice - Rest', 'Crutches']}",yes,
Gallstones,4,Fever,Fever,Low,always,Initial,Use Device - Thermometer,Give Medication - Antipyretic,Give Medication - Antipyretic,,
Gallstones,3,Jaundice,Jaundice,Low,always,Initial,Physical Examination,,,,
Gallstones,5,Nausea,Nausea,Low,always,Initial,Interview - Nausea,Give Medication - Nausea,Give Medication - Antiemetics,,
Gallstones,2,Pain - Stomach,Pain - Stomach,Low,always,Initial,Interview - Pain,Give Medication - Painkiller,Give Medication - Painkillers,,
Gallstones,1,,,Low,always,Initial,Ultrasound - Stomach,Surgery - Gallblader,Surgery - Gallblader,yes,
Gastroenteritis,2,diarrhoea,Diarrhoea,Low,always,Initial,Interview - Diarrhoea,,,,
Gastroenteritis,5,fever,Fever,Low,medium,Initial,Use Device - Thermometer,,,,
Gastroenteritis,3,nausea,Nausea,Low,always,Initial,Interview - Nausea,,,,
Gastroenteritis,4,vomiting,Nausea,Low,always,Initial,Interview - Nausea,,,,
Gastroenteritis,1,,,Low,always,Initial,Run Test - Stool sample,"{'text': ['Give Advice - Hydration', 'Give Advice - Nutrition', 'Home Treatment']}","{'text': ['Give Advice - Hydration', 'Give Advice - Nutrition', 'Home Treatment']}",yes,
Genital herpes,3,vaginal discharge,Discharge - Vagina,Mid,medium,long-term,Physical Examination - Vagina,,,,
Genital herpes,5,fever,Fever,Low,low,short-term,Use Device - Thermometer,,,,
Genital herpes,6,flu-like symptoms,flu-like symptoms,Low,low,short-term,Interview,,,,
Genital herpes,4,pain peeing or being unable to pee,Pain - Urinate,Mid,medium,long-term,Interview - Pain,,,,
Genital herpes,2,"pain inside the vagina, head of penis or rectum","pain inside the vagina, head of penis or rectum",Mid,low,long-term,Interview - Pain,,,,
Genital herpes,7,"painful red blister, ulcers","painful red blister, ulcers",Mid,high,long-term,swap test - herpe culture test,give medication - zovirax / valtrex,Give Medication - zovirax / valtrex,yes,
Genital herpes,1,,,Low,medium,long-term,"{'text': ['physical exam', 'interview - history of sexual activity', 'run test - blood test']}",give medication - antiviral pills,Give Medication - Antivirals,yes,
Genital warts,2,growth,growth,Low,high,Initial,,,,yes,
Genital warts,3,lumps,Lump - Genitals,Low,high,Initial,,,,yes,
Genital warts,1,,,Low,always,Initial,Physical examination - Genitals,"{'text': ['cream', 'freezing', 'surgery']}","{'text': ['cream', 'freezing', 'surgery']}",yes,
Germ cell tumours,2,a lump that can be felt or causes other symptoms,a lump that can be felt or causes other symptoms,Low,medium,long-term,take sample - biopsy,surgery - removal of testicle or an ovary,Surgery - removal of testicle or an ovary,yes,
Germ cell tumours,4,bathroom problems,bathroom problems,Mid,medium,short-term,,,,,
Germ cell tumours,3,belly pain or swelling,belly pain or swelling,Mid,medium,short-term,Interview - Pain,,,,
Germ cell tumours,1,,,High,low,Initial,use device - CT/ MRT,"{'text': ['give medication - chemotherapy', 'use device - radiotherapy (brain)']}","{'text': ['give medication - chemotherapy', 'use device - radiotherapy (brain)']}",yes,
Gout,2,Pain - Joints,Pain - Joints,Low,always,Initial,Interview - Pain,Give Medication - Painkillers,Give Medication - Painkillers,,
Gout,4,Redness - Joints,Redness - Joints,Low,always,Initial,,,,,
Gout,3,Swelling - Joints,Swelling - Joints,Low,always,Initial,Physical Examination - Joints,,,,
Gout,1,,,Low,always,Initial,Run Test - Blood Test,Give Medication - Specific,Give Medication - Specific,yes,
Hay fever,6,Facial pain,Facial pain,Low,low,Initial,Interview - Pain,Give Medication - Painkiller,Give Medication - Painkillers,,
Hay fever,5,Headaches,Headache,Low,low,Initial,Interview - Pain,Give Medication - Painkiller,Give Medication - Painkillers,,
Hay fever,4,Itchy eyes,Itchiness - Eyes,Low,high,Initial,Interview - Physical,Give Medication - Antihistamine,Give Medication - Antihistamines,,
Hay fever,3,Runny nose,Runny nose,Low,high,Initial,Interview - Description,"{'text': ['Give Medication - Antihistamine', 'Give Medication - Steroids']}","{'text': ['Give Medication - Antihistamine', 'Give Medication - Steroids']}",,
Hay fever,2,Sneezing,Sneezing,Low,high,Initial,Interview - Description,"{'text': ['Give Medication - Antihistamine', 'Give Medication - Steroids']}","{'text': ['Give Medication - Antihistamine', 'Give Medication - Steroids']}",,
Hay fever,1,,,Low,always,long-term,"{'text': ['Run Test - Blood test', 'Run Test - Skin test', 'Interview - Description']}","{'text': ['Give Medication - Antihistamine', 'Give Medication - Steroids']}","{'text': ['Give Medication - Antihistamine', 'Give Medication - Steroids']}",yes,
Head Injury and Concussion,5,Bleeding inside skull,Bleeding - Intracraneal,High,high,initial,Use device - CT Scanner,,,,
Head Injury and Concussion,3,Confusion,Confusion,Low,always,initial,Physical Examination - Cognitive Abilities,,,,
Head Injury and Concussion,2,Dizzyness,Dizziness,Low,always,initial,Interview - Dizziness,,,,
Head Injury and Concussion,6,Fainting,Fainting,Low,always,initial,Physical Examination,,,,
Head Injury and Concussion,4,Vomiting,Nausea,Low,always,initial,Interview - Nausea,,,,
Head Injury and Concussion,7,Nausea,Nausea,Low,always,initial,Interview - Nausea,,,,
Head Injury and Concussion,1,,,High,always,initial,Use Device - CT,Surgery - Head,Surgery - Head,yes,
Hepatitis B,4,diarrhoea,Diarrhoea,High,always,short-term,Interview - Diarrhoea,Give Medication - Antidiarrhoeal,Give Medication - Antidiarrhoeal,,
Hepatitis B,2,Fatigue,Fatigue,High,high,short-term,Interview - Fatigue,Give Advice - Rest,Give Advice - Rest,,
Hepatitis B,7,Fever,Fever,High,always,short-term,Use Device - Thermometer,Give Medication - Antipyretic,Give Medication - Antipyretic,,
Hepatitis B,6,jaundice,Jaundice,High,high,short-term,"{'text': ['Run Test - Liver function test', 'Interview - Visual']}",Give Medication - Antiviral,Give Medication - Antivirals,yes,
Hepatitis B,3,loss of appetite,Loss of Apetite,Mid,medium,short-term,Interview - Appetite,Give Advice - Rest,Give Advice - Rest,,
Hepatitis B,5,Pain - Abdominal,Pain - Abdomen,High,high,short-term,Interview - Pain,Give Medication - Painkillers,Give Medication - Painkillers,,
Hepatitis B,1,,,Low,low,Initial,Run test - blood test,"{'text': ['Give Medication - Antiviral', 'Give Medication - Vaccine']}","{'text': ['Give Medication - Antiviral', 'Give Medication - Vaccine']}",yes,
Hepatitis C,5,Abdominal Pains,Abdominal pain,Low,always,short-term,Interview - Pain abdominal,Give Medication - Painkiller,Give Medication - Painkillers,,
Hepatitis C,2,Fever,Fever,Low,medium,short-term,Use Device - Thermometer,Give Medication - Painkiller,Give Medication - Painkillers,,
Hepatitis C,3,Jaundice,Jaundice,Low,low,short-term,Examination - Eyes,,,,
Hepatitis C,4,Tiredness,Tiredness,Low,medium,short-term,Interview - Symptoms,Give Advice - Bedrest,Give Advice - Rest,,
Hepatitis C,1,,,Mid,always,Initial,Run Test - Blood Test,Give Medication - Antivirals,Give Medication - Antivirals,yes,
Hiatus hernia,4,Acid reflux,Acid reflux,Low,always,Initial,Interview - Reflux,"{'text': ['Give Medication - Antiacids', 'Give Medication - Alginates', 'Give Medication - PPIs', 'Give Medication - H2 receptor antagonists']}","{'text': ['Give Medication - Antiacids', 'Give Medication - Alginates', 'Give Medication - PPIs', 'Give Medication - H2 receptor antagonists']}",,
Hiatus hernia,7,Blood in vomit,Blood in vomit,Mid,always,Initial,Interview - Vomiting,,,,
Hiatus hernia,5,Chest pain,Chest Pain,Mid,always,Initial,Interview - Pain,,,,
Hiatus hernia,2,Heartburn,Heartburn,Low,always,Initial,Interview - Pain,,,,
Hiatus hernia,3,Regurgitation,Regurgitation,Low,always,Initial,Interview - Regurgitation,,,,
Hiatus hernia,6,Shortness of breath,Shortness of Breath,Mid,always,Initial,Physical Examination - Breathing,,,,
Hiatus hernia,1,,,Low,always,Initial,"{'text': ['Run Test - Barium swallow test', 'Run Test - Gastroscopy']}","{'text': ['Give adivce - Lifestyle change', 'Surgery - LNF']}","{'text': ['Give adivce - Lifestyle change', 'Surgery - LNF']}",yes,
High cholesterol,1,,,Low,always,Initial,Run Test - Blood Test,"{'text': ['Give Advice - Exercise', 'Give Advice - Diet', 'Give Advice - Stop smoking', 'Give Medication - Statins']}","{'text': ['Give Advice - Exercise', 'Give Advice - Diet', 'Give Advice - Stop smoking', 'Give Medication - Statins']}",yes,
Hyperglycaemia (high blood sugar),1,,,Low,always,long-term,"{'text': ['Use Device - Sphygmomanometer', 'Run Test - Blood Pressure']}","{'text': ['Give Advice - Avoid Alcohol', 'Give Advice - Exercise', 'Give Advice - Lose Weight', 'Give Advice - Diet', 'Give Advice - Stop Smoking', 'Give Medication - blood pressure-lowering']}","{'text': ['Give Advice - Avoid Alcohol', 'Give Advice - Exercise', 'Give Advice - Lose Weight', 'Give Advice - Diet', 'Give Advice - Stop Smoking', 'Give Medication - blood pressure-lowering']}",yes,
Hypertensive retinopathy,5,Headache,Headache,Low,always,Initial,Interview - Pain,,,,
Hypertensive retinopathy,2,High Blood pressure,High Blood Pressure,Low,always,Initial,Physical Examination - Blood pressure,,,,
Hypertensive retinopathy,4,Impaired Vision,Impaired Vision,Low,always,Initial,Interview - Symptoms,,,,
Hypertensive retinopathy,6,Irregular Heartbeat,Irregular Heartbeat,Low,always,Initial,ECG,,,,
Hypertensive retinopathy,3,Swollen Eyelids,Swollen Eyelids,Low,always,Initial,Physical Examination - Head,,,,
Hypertensive retinopathy,1,,,Mid,always,Initial,Run Test - Fundoscopy,"{'text': ['Give Advice - Nutrition', 'Give Medication - Blood thinner']}","{'text': ['Give Advice - Nutrition', 'Give Medication - Blood thinner']}",yes,
Hypoglycaemia (low blood sugar),6,confusion,Confusion,High,low,Initial,Physical Examination - Cognitive Abilities,,,,
Hypoglycaemia (low blood sugar),2,hunger,Hunger,Low,always,Initial,Interview - Symptoms,,,,
Hypoglycaemia (low blood sugar),7,loss of concentration,loss of concentration,High,low,Initial,,,,,
Hypoglycaemia (low blood sugar),4,shakiness,shakiness,Low,always,Initial,,,,,
Hypoglycaemia (low blood sugar),5,sweating,Sweating,Low,always,Initial,Interview - Symptoms,,,,
Hypoglycaemia (low blood sugar),3,trembling,trembling,Low,always,Initial,,,,,
Hypoglycaemia (low blood sugar),1,,,Low,always,Initial,blood test,"{'text': ['food', 'sugary drink', 'hormones']}","{'text': ['food', 'sugary drink', 'hormones']}",yes,
Idiopathic pulmonary fibrosis,3,coughing,Cough,Low,always,Initial,Interview - cough,,,,
Idiopathic pulmonary fibrosis,4,fatigue,Fatigue,Low,always,Initial,Interview - Fatigue,,,,
Idiopathic pulmonary fibrosis,2,shortness of breath,Shortness of Breath,Low,always,Initial,Physical Examination - Breathing,,,,
Idiopathic pulmonary fibrosis,5,weight loss,Weight Loss,Low,always,Initial,Physical Examination - Weight,,,,
Idiopathic pulmonary fibrosis,1,,,Mid,always,Initial,"{'text': ['Use Device - CT', 'Run Test - Biopsy - Lung']}","{'text': ['Give Advice - Stop Smoking', 'Give Medication - Specific', 'Lung Transplant']}","{'text': ['Give Advice - Stop Smoking', 'Give Medication - Specific', 'Lung Transplant']}",yes,
Intracranial Hematoma,7,Coma,Coma,High,medium,short-term,Physical Examination,"{'text': ['Life support', 'Emergency Care']}","{'text': ['Life support', 'Emergency Care']}",,
Intracranial Hematoma,4,Confusion,Confusion,Mid,high,Initial,Physical Examination - Cognitive Abilities,Give Medication - Anaesthetic,Give Medication - Anaesthetic,,
Intracranial Hematoma,5,Dizzyness,Dizziness,Mid,always,Initial,Interview - Dizziness,Give Advice - Rest,Give Advice - Rest,,
Intracranial Hematoma,3,Vomiting,Nausea,Mid,high,Initial,Interview - Nausea,Give Medication - Anti-Nauseau,Give Medication - Antiemetics,,
Intracranial Hematoma,2,Pain - Head,Pain - Head,Low,always,Initial,Interview - Pain,,,,
Intracranial Hematoma,6,Weakness,Weakness,Low,always,Initial,Physical Examination,Give Advice - Rest,Give Advice - Rest,,
Intracranial Hematoma,1,,,Low,always,Initial,Use Device - CT,Surgery - Head,Surgery - Head,yes,
Iron deficiency anaemia,4,Fatigue,Fatigue,Low,always,Initial,Interview - Fatigue,,,,
Iron deficiency anaemia,6,Heart palpatations,Heart palpitations,Low,always,Initial,Physical Examination - Chest,,,,
Iron deficiency anaemia,5,Pain - Chest,Pain - Chest,Low,always,Initial,Interview - Pain,Give Medication - Painkillers,Give Medication - Painkillers,,
Iron deficiency anaemia,7,Pale Skin,Pale Skin,Low,always,Initial,Physical Examination - Skin,,,,
Iron deficiency anaemia,2,Shortness of Breath,Shortness of Breath,Low,always,Initial,Physical Examination - Breathing,,,,
Iron deficiency anaemia,3,Weakness,Weakness,Low,always,Initial,Interview - Symptoms,,,,
Iron deficiency anaemia,1,,,Low,always,Initial,Run Test - Blood test,Give Medication - Iron Supplements,Give Medication - Iron Supplements,yes,
Irritable bowel syndrome (IBS),3,Bloating,Bloating,Low,medium,short-term,"{'text': ['Interview - Description', 'Examination - Stomach']}",Give Medication - antispasmodics,Give Medication - Antispasmodics,,
Irritable bowel syndrome (IBS),4,Constipation,Constipation,Low,medium,short-term,Interview - Symptoms,Give Medication - Laxatives,Give Medication - Laxatives,,
Irritable bowel syndrome (IBS),2,Stomach Cramps,Cramps - Stomach,Low,high,short-term,Interview - Pain,"{'text': ['Give Medication - antispasmodics', 'Give Medication - Painkiller']}","{'text': ['Give Medication - antispasmodics', 'Give Medication - Painkiller']}",,
Irritable bowel syndrome (IBS),1,,,Mid,always,Initial,"{'text': ['Interview - Symptom History', 'Run Test - Stool', 'Run Test - Blood Test']}","{'text': ['Give Advice - Diet', 'Give Advice - Exercise', 'Give Advice - Manage Stress', 'Give Advice - Stay Hydrated', 'Give Advice - Avoid Caffeine', 'Give Advice - Avoid Alcohol', 'Give Medication - antispasmodics']}","{'text': ['Give Advice - Diet', 'Give Advice - Exercise', 'Give Advice - Manage Stress', 'Give Advice - Stay Hydrated', 'Give Advice - Avoid Caffeine', 'Give Advice - Avoid Alcohol', 'Give Medication - antispasmodics']}",yes,
Irritable hip,1,,,Low,always,Initial,Interview - pain,"{'text': ['painkillers', 'rest', 'massage', 'heat']}","{'text': ['painkillers', 'rest', 'massage', 'heat']}",yes,
Kidney stones,2,blockage of the urinary system,blockage of the urinary system,Mid,medium,short-term,Interview,"{'text': ['Surgery - Ureteroscopy', 'Surgery - Percutaneous nephrolithotomy (PCNL)', 'Surgery - Removal of kidney stone', 'Procedure - extracorporeal shock wave lithotripsy (ESWL)']}","{'text': ['Surgery - Ureteroscopy', 'Surgery - Percutaneous nephrolithotomy (PCNL)', 'Surgery - Removal of kidney stone', 'Procedure - extracorporeal shock wave lithotripsy (ESWL)']}",,
Kidney stones,4,feeling restless and unable to lie still,feeling restless and unable to lie still,Low,low,short-term,Interview,,,,
Kidney stones,6,needing to urinate more often than normal,Frequent Urination,Low,medium,short-term,Interview,,,,
Kidney stones,5,nausea,Nausea,Low,medium,short-term,Interview - Nausea,Give Medication - anti-emetics,Give Medication - Antiemetics,,
Kidney stones,3,persistent ache in the lower back,Pain - Lower Back,Low,low,short-term,Interview,Give Medication - Painkillers,Give Medication - Painkillers,,
Kidney stones,7,pain when you urinate,Pain - Urinate,Low,medium,short-term,Interview,Give Medication - Painkillers,Give Medication - Painkillers,,
Kidney stones,1,,,Low,always,Initial,"{'text': ['Run test - urine test', 'Examination of the urine', 'Run test - blood test', 'Use Device - X-ray', 'Use Device - CT']}","{'text': ['Procedure - extracorporeal shock wave lithotripsy (ESWL)', 'Surgery - Removal of kidney stone', 'Surgery - Ureteroscopy', 'Surgery - Percutaneous nephrolithotomy (PCNL)']}","{'text': ['Procedure - extracorporeal shock wave lithotripsy (ESWL)', 'Surgery - Removal of kidney stone', 'Surgery - Ureteroscopy', 'Surgery - Percutaneous nephrolithotomy (PCNL)']}",yes,
Knee bursitis,7,Fever,Fever,Low,always,Initial,Use Device - Thermometer,,,,
Knee bursitis,5,Muscle Weakness,Muscle Weakness,Low,always,Initial,Physical Examination,,,,
Knee bursitis,4,Pain - Knee,Pain - Knee,Low,always,Initial,Interview - Pain,,,,
Knee bursitis,2,Redness - Knee,Redness - Knee,Low,always,Initial,Physical Examination - Leg,,,,
Knee bursitis,6,Stiffness - Knee,Stiffness - Knee,Low,always,Initial,Physical Examination - Leg,Ice Wrap,Ice Wrap,,
Knee bursitis,3,Swelling - Knee,Swelling - Knee,Low,always,Initial,Physical Examination - Leg,,,,
Knee bursitis,1,,,Low,always,Initial,Use Device - Ultrasonography,Give Medication - Corticosteroids,Give Medication - Corticosteroids,yes,
Lichen planus,2,Rash - Arms,Rash - Arms,Low,high,Initial,Physical Examination - Arms,,,,
Lichen planus,4,Rash - Genital Area,Rash - Genital Area,Low,high,Initial,Physical Examination - Genital Area,,,,
Lichen planus,3,Rash - Torso,Rash - Torso,Low,high,Initial,Physical Examination - Torso,,,,
Lichen planus,1,,,Low,always,Initial,Physical Examination - Skin,Give Medication - Skin ointment,Give Medication - Skin ointment,yes,
Liver cancer,7,Fatigue,Fatigue,Low,always,Initial,Interview - Fatigue,,,,
Liver cancer,6,jaundice,Jaundice,Low,always,Initial,Physical Examination,,,,
Liver cancer,3,loss of apetite,Loss of Apetite,Low,always,Initial,Interview - Appetite,,,,
Liver cancer,4,nausea,Nausea,Low,always,Initial,Interview - Nausea,,,,
Liver cancer,5,vomiting,Nausea,Low,always,Initial,Interview - Nausea,,,,
Liver cancer,2,weight loss,Weight Loss,Low,always,Initial,Physical Examination - Weight,,,,
Liver cancer,1,,,Mid,always,Initial,"{'text': ['Run Test - Liver Biopsy', 'Use Device - MRI', 'Use Device - CT', 'Use Device - Ultrasound']}","{'text': ['Radiotherapy', 'Chemotherapy']}","{'text': ['Radiotherapy', 'Chemotherapy']}",yes,
Malaria,5,chills,Chills,Low,high,Initial,Interview - Symptoms,,,,
Malaria,2,fever,Fever,High,always,Initial,Use Device - Thermometer,,,,
Malaria,3,headache,Headache,Low,high,Initial,Interview - Pain,,,,
Malaria,7,vomiting,Nausea,Low,high,Initial,Interview - Nausea,,,,
Malaria,6,muscle aches,Pain - Muscles,Low,high,Initial,Interview - Pain,,,,
Malaria,4,sweats,Sweating,Low,high,Initial,Interview - Symptoms,,,,
Malaria,1,,,Low,always,Initial,blood examination,"{'text': ['Chloroquine phosphate', 'Artemisinin-based combination therapies', 'Atovaquone-proguanil', 'Quinine sulfate with doxycycline', 'Primaquine phosphate']}","{'text': ['Chloroquine phosphate', 'Artemisinin-based combination therapies', 'Atovaquone-proguanil', 'Quinine sulfate with doxycycline', 'Primaquine phosphate']}",yes,
Measles,2,Cough,Cough,Low,always,Initial,Interview - cough,,,,
Measles,5,Fever,Fever,Low,always,Initial,Use Device - Thermometer,Give Medication - Antipyretics,Give Medication - Antipyretic,,
Measles,3,Photophobia,Photophobia,Low,always,short-term,Interview - photophobia,Give advice - dim lights,Give Advice - Dim lights,,
Measles,4,Red eyes,Red eyes,Low,always,short-term,Interview - Visual,,,,
Measles,6,skin rash,Skin Rash,Low,always,short-term,Interview - Visual,,,,
Measles,1,,,Mid,always,Initial,Run Test - Nasopharingeal swab,No Treatment,No Treatment,yes,
Mesothelioma,2,Chest Pain,Chest Pain,High,always,short-term,Interview - Pain,,,,
Mesothelioma,6,Cough,Cough,Low,always,Initial,Interview - cough,,,,
Mesothelioma,4,Fatigue,Fatigue,Low,always,short-term,Interview - Fatigue,,,,
Mesothelioma,5,Fever,Fever,Mid,always,short-term,Use Device - Thermometer,,,,
Mesothelioma,3,Shortness of Breath,Shortness of Breath,High,always,Initial,Physical Examination - Breathing,,,,
Mesothelioma,7,weight loss,Weight Loss,Mid,always,long-term,Physical Examination - Weight,Give Advice - Nutrition,Give Advice - Nutrition,,
Mesothelioma,1,,,Mid,always,Initial,Biopsy,No Treatment,No Treatment,yes,
Middle ear infection (otitis media),7,Ear fluid drainage,Ear fluid drainage,Low,always,Initial,Physical Examination - Ear,,,,
Middle ear infection (otitis media),3,Ear Pain,Ear Pain,Low,always,Initial,Interview - Pain,Give Medication - Painkiller,Give Medication - Painkillers,,
Middle ear infection (otitis media),4,Fever,Fever,Low,always,Initial,Use Device - Thermometer,Give Medication - Antipyretic,Give Medication - Antipyretic,,
Middle ear infection (otitis media),2,Headache,Headache,Low,always,Initial,Interview - Pain,Give Medication - Painkiller,Give Medication - Painkillers,,
Middle ear infection (otitis media),5,Hearing Loss,Hearing Loss,Low,always,Initial,Interview - Hearing,,,,
Middle ear infection (otitis media),6,Swollen ear canal,Swollen ear canal,Low,always,Initial,Physical Examination - Ear,,,,
Middle ear infection (otitis media),1,,,Mid,always,Initial,,"{'text': ['Give Medication - Antibiotics', 'Give Medication - Ear drops']}","{'text': ['Give Medication - Antibiotics', 'Give Medication - Ear drops']}",yes,
Migraine,1,,,Mid,always,Initial,Interview - pain,"{'text': ['sleep', 'lying in a darkened room', 'painkillers', 'triptans', 'anti-sickness medicines']}","{'text': ['sleep', 'lying in a darkened room', 'painkillers', 'triptans', 'anti-sickness medicines']}",yes,
Motor neurone disease (MND),4,difficulty speaking,difficulty speaking,Mid,medium,Initial,Interview - Speech,,,,
Motor neurone disease (MND),5,Dysphagia,Dysphagia,Mid,medium,Initial,Interview - Symptoms,,,,
Motor neurone disease (MND),7,Paralysis,Paralysis,High,high,long-term,Physical Examination,,,,
Motor neurone disease (MND),6,Reduced Mental Abilities,Reduced Mental Abilities,Low,always,Initial,Interview,,,,
Motor neurone disease (MND),2,weakened grip,weakened grip,Low,medium,Initial,Physical Examination,,,,
Motor neurone disease (MND),3,weakened strength - arm,weakened strength - arm,Low,medium,Initial,Physical Examination,,,,
Motor neurone disease (MND),1,,,High,always,Initial,Use Device - MRI,"{'text': ['No Treatment', 'Physiotherapy']}","{'text': ['No Treatment', 'Physiotherapy']}",yes,
Mouth cancer,4,Discoloration - Mouth,Discoloration - Mouth,Low,always,Initial,Physical Examination - Mouth,,,,
Mouth cancer,3,Lump - Mouth,Lump - Mouth,Low,always,Initial,Physical Examination,,,,
Mouth cancer,2,Ulcers - Mouth,Ulcers - Mouth,Low,always,Initial,Physical Examination,,,,
Mouth cancer,1,,,High,always,Initial,Run test - Biopsy,"{'text': ['Surgery', 'Chemotherapy', 'Radiotherapy']}","{'text': ['Surgery', 'Chemotherapy', 'Radiotherapy']}",yes,
Mumps,4,abdominal pain,Abdominal pain,Low,medium,short-term,Interview - Pain abdominal,Give Medication - Painkiller,Give Medication - Painkillers,,
Mumps,5,Fatigue,Fatigue,Low,medium,short-term,Interview - Fatigue,,,,
Mumps,6,Fever,Fever,Low,medium,short-term,Use Device - Thermometer,Give Medication - Antipyretics,Give Medication - Antipyretic,,
Mumps,2,Headache,Headache,Low,medium,short-term,Interview - Pain,Give Medication - Painkiller,Give Medication - Painkillers,,
Mumps,3,Joint pain,Pain - Joints,Low,medium,short-term,Interview - Pain joints,Give Medication - Painkiller,Give Medication - Painkillers,,
Mumps,1,,,Low,always,Initial,Oral inspection - Mumps,Give Advice - Bedrest,Give Advice - Rest,yes,
Nasopharyngeal cancer,6,Nosebleeds,Bleeding - Nose,Low,always,short-term,Interview - Symptoms,Nasal Packing,Nasal Packing,,
Nasopharyngeal cancer,3,Blocked Nose,Blocked Nose,Low,always,short-term,Interview - Symptoms,Give Medication - Nasal decongestant,Give Medication - Nasal decongestant,,
Nasopharyngeal cancer,5,Hearing Loss,Hearing Loss,Mid,always,short-term,Physical Examination - Ears,,,,
Nasopharyngeal cancer,2,Lump - Neck,Lump - Neck,Low,always,Initial,Physical Exmaination - Neck,,,,
Nasopharyngeal cancer,4,Tinnitus,Tinnitus,Low,always,short-term,Interview - Hearing,,,,
Nasopharyngeal cancer,1,,,Mid,always,Initial,Use Device - MRI,"{'text': ['Chemotherapy', 'Radiotherapy']}","{'text': ['Chemotherapy', 'Radiotherapy']}",yes,
Norovirus,7,stomach cramp,Cramps - Stomach,Low,always,Initial,Interview - Pain,,,,
Norovirus,2,diarrhoea,Diarrhoea,Low,always,Initial,Interview - Diarrhoea,,,,
Norovirus,5,fever,Fever,Low,always,Initial,Use Device - Thermometer,,,,
Norovirus,6,headache,Headache,Low,always,Initial,Interview - Pain,,,,
Norovirus,3,vomiting,Nausea,Low,always,Initial,Interview - Nausea,,,,
Norovirus,4,feeling sick,Nausea,Low,always,Initial,Interview - Nausea,,,,
Norovirus,1,,,Low,always,Initial,"{'text': ['detecting viral RNA', 'viral antigen', 'stool test']}",None,None,yes,
Obesity,5,asthma,Asthma,Low,medium,long-term,Physical Examination,,,,
Obesity,3,high blood pressure,High Blood Pressure,Mid,high,short-term,Run Test - Measure Blood Pressure,"{'text': ['Give Medication - ACE inhibitors', 'Give Medication - calcium channel blockers', 'Give Medication - thiazide diuretics', 'Give Medication - Alpha-blockers', 'Give Medication - Beta-blockers']}","{'text': ['Give Medication - ACE inhibitors', 'Give Medication - calcium channel blockers', 'Give Medication - thiazide diuretics', 'Give Medication - Alpha-blockers', 'Give Medication - Beta-blockers']}",,
Obesity,4,high cholesterol,high cholesterol,Mid,high,Initial,Run Test - Blood Test,Give Advice - Diet,Give Advice - Diet Modification,,
Obesity,7,sleep apnoea,sleep apnoea,Low,always,Initial,"{'text': ['Interview', 'Use Assessment Tool - Epworth Sleepiness Scale']}",,,,
Obesity,2,underactive thyroid gland,underactive thyroid gland,Low,low,Initial,Run Test - Blood Test (thyroid function test),Give Medication - Hormon Replacement (levothyroxine),Give Medication - Hormon Replacement (levothyroxine),,
Obesity,1,,,Mid,always,Initial,"{'text': ['Use Assessment Tool - BMI', 'Run Test - Measure waist circumference']}","{'text': ['Give Advice - Diet', 'Give Advice - Exercise']}","{'text': ['Give Advice - Diet', 'Give Advice - Exercise']}",yes,
HIV,1,,,Low,always,Initial,Run Test - HIV test,HIV antiretroviral therapy,Give Medication - HIV antiretroviral therapy,yes,yes
HIV,2,Fever,Fever,Low,medium,short-term,Use Device - Thermometer,,,,yes
HIV,3,Sore throat,Sore Throat,Low,medium,short-term,Interview - Visual,,,,yes
HIV,4,Body rash,Body rash,Low,medium,short-term,Physical examination - visual,,,,yes
HIV,5,Fatigue,Fatigue,Low,medium,short-term,Interview | fatigue,,,,yes
HIV,6,Joint Pain,Pain - Joints,Low,medium,short-term,Interview | Pain,,,,yes
HIV,7,Swollen glands,Swollen Lymph Nodes,Low,always,Initial,Physical examination - Swollen nodes,,,,yes
Oral thrush in adults,5,Cracks - Mouth,Cracks - Mouth,Low,always,Initial,Physical Examination -  Mouth,Give Medication - Skin Ointment,Give Medication - Skin Ointment,,
Oral thrush in adults,2,Discoloration - Mouth,Discoloration - Mouth,Low,always,Initial,Physical Examination - Mouth,,,,
Oral thrush in adults,4,Discoloration - Throat,Discoloration - Throat,Low,always,Initial,Physical Examination - Throat,,,,
Oral thrush in adults,3,Loss of taste,Loss of taste,Low,always,Initial,Interview - Symptoms,,,,
Oral thrush in adults,6,Pain - Mouth,Pain - Mouth,Low,always,Initial,Interview - Pain,Give Medication - Painkiller,Give Medication - Painkillers,,
Oral thrush in adults,1,,,Low,always,Initial,Microscopic Examination - Mouth,Give Medication - Antifungal,Give Medication - Antifungal,yes,
Osteoporosis,3,fractures,fractures,Low,high,short-term,Physical Examination,"{'text': ['Immobilization', 'surgery - Bone fracture surgery', 'Procedure - Closed reduction']}","{'text': ['Immobilization', 'surgery - Bone fracture surgery', 'Procedure - Closed reduction']}",,
Osteoporosis,2,fragile bones,fragile bones,Mid,always,Initial,"{'text': ['Use Device - DXA', 'Use Assessment Tool - FRAX', 'Use Assessment Tool - Q-Fracture']}","{'text': ['Give Medication - Bone Strenghteners (Bisphosphonates)', 'Give Medication - Strontium ranelate', 'Give Medication - Selective oestrogen receptor modulators (SERMs)', 'Give Medication - Parathyroid hormone (teriparatide)', 'Give Medication - Calcium and vitamin D supplements', 'Therapy - Hormone replacement therapy (HRT) (women)', 'Therapy - Testosterone treatment (men)']}","{'text': ['Give Medication - Bone Strenghteners (Bisphosphonates)', 'Give Medication - Strontium ranelate', 'Give Medication - Selective oestrogen receptor modulators (SERMs)', 'Give Medication - Parathyroid hormone (teriparatide)', 'Give Medication - Calcium and vitamin D supplements', 'Therapy - Hormone replacement therapy (HRT) (women)', 'Therapy - Testosterone treatment (men)']}",yes,
Osteoporosis,4,stooped posture,stooped posture,Low,low,long-term,Physical Examination,,,,
Osteoporosis,1,,,Mid,always,Initial,,,,yes,
Ovarian cancer,7,back pain,Back pain,Low,low,short-term,Interview,,,,
Ovarian cancer,5,difficulty eating and feeling full quickly,difficulty eating and feeling full quickly,Low,medium,short-term,Interview,,,,
Ovarian cancer,2,increased abdominal size,increased abdominal size,Low,medium,short-term,"{'text': ['Physical Examination', 'Interview']}",,,,
Ovarian cancer,6,feeling nauseous,Nausea,Low,medium,short-term,Interview - Nausea,,,,
Pneumothorax,1,,,High,always,Initial,Ultrasonography,Thoracentesis,Thoracentesis,yes,yes
Pneumothorax,2,Tachycardia,Tachycardia,High,always,short-term,Physical Examination - Heart,Give Medication - Antiarhytmics,Give Medication - Antiarhytmics,,yes
Pneumothorax,3,Hypotension,Low Blood Pressure,Mid,always,Initial,Physical Examination - Bloodpressure,Give Advice - Nutrition,Give Advice - Nutrition,,yes
Pneumothorax,4,Cyanosis,Cyanosis,Low,high,Initial,Physical Examination,Oxygenotherapy,Oxygenotherapy,,yes
Pneumothorax,5,Pain - Chest,Pain - Chest,Low,always,Initial,Interview - Pain,,,,yes
Pneumothorax,6,Shortness of Breath,Shortness of Breath,Mid,high,Initial,"{'text': ['Interview - Symptoms', 'Physical Examination - Breathing']}",Bronchodilators,Bronchodilators,,yes
Pneumothorax,7,Fatigue,Fatigue,Low,medium,Initial,Interview - Symptoms,Give Advice - Rest,Give Advice - Rest,,yes
Ovarian cancer,3,persistent bloating,persistent bloating,Low,medium,short-term,"{'text': ['Physical Examination', 'Interview']}",,,,
Ovarian cancer,4,persistent pelvic and abdominal pain,persistent pelvic and abdominal pain,Low,medium,short-term,Interview,,,,
Ovarian cancer,1,,,Mid,always,Initial,"{'text': ['Run Test - Blood test (CA125)', 'Use Device - Ultrasound Scan', 'Use Device - X-ray (chest)', 'Use Device - CT', 'Use Device - MRI', 'Run Test - abdominal fluid aspiration', 'Use Device - laparoscopy']}","{'text': ['Surgery - Ovary removal', 'Surgery - womb removal', 'Surgery - omentum removal', 'Procedure - Chemotherapy', 'Procedure - Radiotherapy']}","{'text': ['Surgery - Ovary removal', 'Surgery - womb removal', 'Surgery - omentum removal', 'Procedure - Chemotherapy', 'Procedure - Radiotherapy']}",yes,
Paget&#39;s disease of the nipple,7,bleeding,Bleeding,Mid,high,Initial,Interview - Symptoms,,,,
Paget&#39;s disease of the nipple,6,burning sensation,Burning sensation,Mid,high,Initial,Interview - Pain,,,,
Paget&#39;s disease of the nipple,4,"dry, red, flaky patches of skin","dry, red, flaky patches of skin",Mid,always,Initial,Physical Examination,,,yes,
Paget&#39;s disease of the nipple,2,eczema,eczema,Low,high,Initial,,,,,
Tonsillitis,1,,,Low,always,Initial,Oral examination,No treatment,No Treatment,yes,yes
Tonsillitis,2,Sore throat,Sore Throat,Low,always,Initial,Interview,,,,yes
Tonsillitis,3,Problems swallowing,Problems swallowing,Low,always,Initial,Intervew - Swallowing,,,,yes
Tonsillitis,4,Earache,Ear Pain,Low,always,short-term,Interview - Pain,Give Medication - painkillers,Give Medication - Painkillers,,yes
Tonsillitis,5,Headache,Headache,Low,always,short-term,Interview - Headache,Give Medication - Pain killers,Give Medication - Painkillers,,yes
Tonsillitis,6,Fever,Fever,Low,medium,short-term,Use Device - Thermometer,Give Medication - Antipyretics,Give Medication - Antipyretic,,yes
Tonsillitis,7,Fatigue,Fatigue,Low,low,short-term,Interview - Physical,,,,yes
Paget&#39;s disease of the nipple,5,itchiness,Itchiness,Mid,always,Initial,Interview - Physical,,,,
Paget&#39;s disease of the nipple,3,small ulcer,small ulcer,Low,high,Initial,,,,,
Paget&#39;s disease of the nipple,1,,,High,low,Initial,Interview - skin examination,"{'text': ['chemotherapy', 'radiotherapy', 'biological or hormone therapy']}","{'text': ['chemotherapy', 'radiotherapy', 'biological or hormone therapy']}",yes,
Parkinson&#39;s disease,6,balance problems,balance problems,Low,always,Initial,,,,,
Parkinson&#39;s disease,3,bradykinesia,bradykinesia,Low,always,Initial,,,,yes,
Parkinson&#39;s disease,7,dementia,dementia,High,always,Initial,Interview - Cognitive Abilities,,,,
Parkinson&#39;s disease,5,depression,Depression,High,always,Initial,Interview - Depression,,,,
Parkinson&#39;s disease,4,muscle stiffness,Muscle Stiffness,Low,always,Initial,,,,yes,
Parkinson&#39;s disease,2,tremor - shaking,tremor - shaking,Low,always,Initial,,,,yes,
Parkinson&#39;s disease,1,,,High,always,Initial,"{'text': ['Interview', 'physical examination']}","{'text': ['physiotherapy', 'occupational therapy', 'speech and language therapy', 'diet ', 'levodopa', 'dopamine agonists', 'monoamine oxidase-B inhibitors', 'non-oral threapies', 'surgery', 'deep brain stimulation']}","{'text': ['physiotherapy', 'occupational therapy', 'speech and language therapy', 'diet ', 'levodopa', 'dopamine agonists', 'monoamine oxidase-B inhibitors', 'non-oral threapies', 'surgery', 'deep brain stimulation']}",yes,
Pelvic inflammatory disease,3,bleeding,Bleeding,High,always,Initial,Interview - Symptoms,,,,
Pelvic inflammatory disease,5,fever,Fever,High,always,Initial,Use Device - Thermometer,,,,
Pelvic inflammatory disease,6,vomiting,Nausea,High,always,Initial,Interview - Nausea,,,,
Pelvic inflammatory disease,2,pain,pain,Mid,always,Initial,Interview - Pain,,,yes,
Pelvic inflammatory disease,4,unusual discharge,unusual discharge,High,always,Initial,,,,,
Pelvic inflammatory disease,1,,,High,always,Initial,"{'text': ['Interview - pain', 'blood test', 'physical examination']}",antibiotics,Give Medication - Antibiotics,yes,
Pelvic inflammatory disease,7,,,Low,always,Initial,,,,yes,
Penile cancer,4,bleeding,Bleeding,High,always,Initial,Interview - Symptoms,,,,
Scabies,1,,,Low,medium,Initial,"{'text': ['Ink test', 'Skin biopsy']}",Permethrin lotion 5%,Give Medication - Permethrin lotion 5%,yes,yes
Scabies,2,itching,Itchiness,Low,always,short-term,Interview | Itching,Give medication | Antihistamine,Give Medication - Antihistamines,,yes
Scabies,3,rash,Rash,Low,always,short-term,Interview | Visual,,,,yes
Scabies,4,Skin burrows,Skin burrows,Low,always,Initial,Interview | Visual,,,,yes
Scabies,5,Pustules,Pustules,Low,always,Initial,Interview | Visual,,,,yes
Penile cancer,5,foul-smelling discarge,Discharge,High,always,Initial,Physical Examination - Penis,,,,
Penile cancer,2,growth,growth,High,always,Initial,,,,,
Penile cancer,7,rash,Rash,Mid,always,Initial,,,,,
Penile cancer,3,sore,sore,High,always,Initial,,,,,
Penile cancer,6,thickening of the skin,thickening of the skin,High,always,Initial,,,,,
Penile cancer,1,,,High,low,Initial,"{'text': ['Interview - pain', 'biopsy', 'blood test']}","{'text': ['surgery', 'chemotherapy', 'radiotherapy']}","{'text': ['surgery', 'chemotherapy', 'radiotherapy']}",yes,
Pleurisy,6,Bacterial Infection,Bacterial Infection,Mid,always,Initial,Run test - Blood,Give Medication - Antibiotics,Give Medication - Antibiotics,yes,
Anal cancer,1,,,Low,always,Initial,"{'text': ['biopsy - Anus', 'sigmoidoscopy', 'proctoscopy']}","{'text': ['Chemotherapy', 'Surgery - tumor removal']}","{'text': ['Chemotherapy', 'Surgery - tumor removal']}",yes,yes
Anal cancer,2,Bleeding - Anus,Bleeding - Anus,High,high,short-term,Interview - physical,,,,yes
Anal cancer,3,Itching,Itchiness,Low,medium,short-term,Interview - Itching,,,,yes
Anal cancer,4,lumps,Lump - Anus,Mid,medium,short-term,Interview - visual,,,,yes
Anal cancer,5,discharge,Discharge - Anus,Mid,medium,short-term,,,,,yes
Anal cancer,6,incontinence,incontinence,Mid,medium,short-term,Interview,,,,yes
Pleurisy,3,Breathing Difficulties,Breathing problems,High,high,Initial,Interview - Chest Listening,,,,
Pleurisy,4,Cough,Cough,Low,always,Initial,Interview - Symptoms,Give Medication - Cough Medicine,Give Medication - Cough Medicine,,
Pleurisy,7,Fatigue,Fatigue,Low,medium,Initial,Interview - Fatigue,"{'text': ['Give Advice - Bedrest', 'Hospitalization']}","{'text': ['Give Advice - Bedrest', 'Hospitalization']}",,
Pleurisy,5,Fever,Fever,Mid,high,Initial,Use Device - Thermometer,Give Medication - Antipyretics,Give Medication - Antipyretic,,
Pleurisy,2,Pain - Chest,Pain - Chest,Low,always,Initial,Interview - Pain,Give Medication - Painkillers,Give Medication - Painkillers,,
Kidney cancer,1,,,High,always,Initial,"{'text': ['Use Device - Ultrasound', 'Use Device - CT scanner', 'Use Device - MRI']}",Surgery - Nephrectomy,Surgery - Nephrectomy,yes,yes
Kidney cancer,2,Haematuria,Haematuria,Mid,high,short-term,Run Test - Urine,,,,yes
Kidney cancer,3,Back pain,Back pain,Mid,high,short-term,Interview - pain,,,,yes
Kidney cancer,4,Swelling Kidney area,Swelling - Kidney Area,Mid,high,short-term,Physical examination - Kidney area,,,,yes
Kidney cancer,5,Fatigue,Fatigue,Low,low,Initial,Interview - Fatigue,,,,yes
Kidney cancer,6,Weight loss,Weight Loss,Low,low,Initial,Interview - weight,,,,yes
Pleurisy,1,,,Low,always,Initial,,,,yes,
Raynaud&#39;s phenomenon,3,Cyanosis,Cyanosis,Low,medium,Initial,Physical Examination - Hands,,,,
Raynaud&#39;s phenomenon,2,Numbness - Fingers,Numbness - Fingers,Mid,always,Initial,Interview - Numbness,,,,
Raynaud&#39;s phenomenon,4,Pain - Hands,Pain - Hands,Low,high,short-term,Interview - Pain,,,,
Raynaud&#39;s phenomenon,1,,,Low,always,Initial,Physical Examination - Hands,"{'text': ['Give Advice - Avoid Cold', 'Give Medication - Blood thinner']}","{'text': ['Give Advice - Avoid Cold', 'Give Medication - Blood thinner']}",yes,
Reactive arthritis,5,joint stiffness,joint stiffness,Mid,always,Initial,,,,,
Reactive arthritis,2,joint pain,Pain - Joints,High,always,Initial,Interview - Pain,,,yes,
Reactive arthritis,3,lower back pain,Pain - Lower Back,High,always,Initial,Interview - Pain,,,,
Reactive arthritis,4,swelling of fingers and toes,Swelling - Feet,Mid,always,Initial,Physical Examination - Feet,,,,
Reactive arthritis,1,,,High,always,Initial,Interview - pain,"{'text': ['corticosteroids', 'non-steroidal anti-inflammatory drugs (NSAID)', 'painkillers', 'self-care', 'Disease-modifying anti-rheumatic drugs (DMARD)']}","{'text': ['corticosteroids', 'non-steroidal anti-inflammatory drugs (NSAID)', 'painkillers', 'self-care', 'Disease-modifying anti-rheumatic drugs (DMARD)']}",yes,
Rosacea,5,Bumps and Pimples,Bumps and Pimples,Low,always,short-term,Physical Examination,,,,
Rosacea,4,Burning and stinging sensation,Burning sensation,Mid,always,Initial,Interview - Pain,Give Medication - Painkillers,Give Medication - Painkillers,,
Rosacea,2,Skin redness,Skin redness,Low,always,Initial,Physical Examination,,,,
Rosacea,3,Visible Blood Vessels,Visible Blood Vessels,Low,high,Initial,Physical Examination,,,,
Rosacea,1,,,Low,always,Initial,,"{'text': ['Give Advice - Nutrition', 'Give Medication - Skin Care', 'Give Medication - Antibiotics']}","{'text': ['Give Advice - Nutrition', 'Give Medication - Skin Care', 'Give Medication - Antibiotics']}",yes,
Schizophrenia,3,delusions,delusions,Low,always,Initial,Interview-Delusions,Give Medication - Antipsychotic,Give Medication - Antipsychotic,,
Schizophrenia,2,hallucinations,hallucinations,Low,medium,Initial,Interview-Hallucinations,Give Medication - Antipsychotic,Give Medication - Antipsychotic,,
Schizophrenia,4,Reduced Mental capacity,Reduced Mental capacity,Low,medium,Initial,Interview-Cognitive capacity,,,,
Schizophrenia,1,,,Low,always,Initial,,"{'text': ['Give Medication - Antipsychotic', 'Cognitive Behavioural Therapy']}","{'text': ['Give Medication - Antipsychotic', 'Cognitive Behavioural Therapy']}",yes,
Scoliosis,4,Curved Spine,Curved Spine,Low,always,Initial,Physical Examination - Torso,,,,
Scoliosis,3,Muscle Weakness,Muscle Weakness,Low,always,Initial,Physical Examination,Give Medication - Antipyretic,Give Medication - Antipyretic,,
Scoliosis,2,Pain - Back,Pain - Back,Low,always,Initial,Interview - Symptoms,Give Medication - Painkiller,Give Medication - Painkillers,,
Scoliosis,5,Unusual Posture,Unusual Posture,Low,always,Initial,Physical Examination -Torse,,,,
Scoliosis,1,,,Low,always,Initial,Use Device - X-Ray,"{'text': ['Give Advice - Exercise', 'Surgery - Back']}","{'text': ['Give Advice - Exercise', 'Surgery - Back']}",yes,
Septic shock,6,Chills,Chills,Low,high,short-term,Use Device - Thermometer,Give advice - take warm bath,Give Advice - take warm bath,,
Septic shock,5,Confusion or disorientation,Confusion,Low,medium,short-term,Physical Examination - Cognitive Abilities,Give afvice - Calm down and wait,Give Advice - Calm down and wait,,
Septic shock,2,High fever,Fever,Low,high,short-term,Use Device - Thermometer,Give Medication - Antipyretic,Give Medication - Antipyretic,,
Septic shock,4,Low blood pressure,Low blood pressure,Low,medium,short-term,Use device - Manometer,"{'text': ['Give advice - Drink more water', 'Give advice - use more salt']}","{'text': ['Give advice - Drink more water', 'Give advice - use more salt']}",,
Septic shock,7,Redness or swelling at infection site,Redness or swelling at infection site,Low,high,short-term,Interview - Visual,Give Medication - Antibiotics,Give Medication - Antibiotics,yes,
Septic shock,3,Rapid heartbeat,Tachycardia,Low,high,short-term,Use device - Echocardiogram,Give advice - Vagal maneuvers,Give Advice - Vagal maneuvers,yes,
Septic shock,1,,,Mid,low,Initial,Run test - Blood Test,"{'text': ['Give Medication - Antibiotics', 'Give Medication - Oxygen therapy', 'Give Medication - Inotropes', 'Surgery']}","{'text': ['Give Medication - Antibiotics', 'Give Medication - Oxygen therapy', 'Give Medication - Inotropes', 'Surgery']}",yes,
Sinusitis,4,fever,Fever,Low,always,Initial,Use Device - Thermometer,,,,
Sinusitis,3,Headache,Headache,Low,always,Initial,Interview - Pain,,,,
Sinusitis,5,Pain - Face,Pain - Face,Low,high,Initial,Interview - Pain,Give Medication - Painkiller,Give Medication - Painkillers,,
Sinusitis,2,Stuffed Nose,Stuffed Nose,Low,always,Initial,Interview - Symptoms,Give Medication - Nasal decongestant,Give Medication - Nasal decongestant,,
Sinusitis,1,,,Low,always,Initial,Physical Examination,"{'text': ['Give Medication - Nasal decongestant', 'Give Medication - Painkiller']}","{'text': ['Give Medication - Nasal decongestant', 'Give Medication - Painkiller']}",yes,
Slapped cheek syndrome,6,bright red rash on the cheeks,bright red rash on the cheeks,Low,always,short-term,Physical Examination - Face Skin,,,yes,
Slapped cheek syndrome,2,fever,Fever,Low,high,short-term,Use Device - Thermometer,,,,
Slapped cheek syndrome,5,headache,Headache,Low,high,short-term,Interview - Pain,,,,
Slapped cheek syndrome,3,runny nose,Runny nose,Low,high,short-term,Interview,,,,
Slapped cheek syndrome,4,sore throat,Sore Throat,Low,high,short-term,Interview,,,,
Slapped cheek syndrome,7,upset stomach,upset stomach,Low,high,short-term,Interview,,,,
Slapped cheek syndrome,1,,,Low,always,Initial,,,,yes,
Sore throat,1,,,Low,always,Initial,Interview - pain,"{'text': ['painkillers', 'self-care tips', 'antibiotics', 'delayed antibiotics prescription', 'tonsillectomy']}","{'text': ['painkillers', 'self-care tips', 'antibiotics', 'delayed antibiotics prescription', 'tonsillectomy']}",yes,
Spontaneous bacterial peritonitis,7,Bacterial Infection,Bacterial Infection,Mid,always,Initial,Run test - Blood Test,Give Medication - Antibiotics,Give Medication - Antibiotics,,
Spontaneous bacterial peritonitis,3,Diarrhoea,Diarrhoea,Low,always,Initial,Interview - Diarrhoea,,,,
Spontaneous bacterial peritonitis,4,Fatigue,Fatigue,Low,always,Initial,Interview - Fatigue,,,,
Spontaneous bacterial peritonitis,6,High CRP,High CRP,Low,always,Initial,Run Test - Blood Test,Give Medication - Antipyretic,Give Medication - Antipyretic,,
Spontaneous bacterial peritonitis,5,Vomiting,Nausea,Low,always,Initial,Interview - Nausea,,,,
Spontaneous bacterial peritonitis,2,Pain - Stomach,Pain - Stomach,Low,always,Initial,Interview - Pain,,,,
Spontaneous bacterial peritonitis,1,,,High,always,Initial,Run Test - Abdomen Fluid Analysis,"{'text': ['Surgery - Stomach', 'Give Medication - Antibiotics']}","{'text': ['Surgery - Stomach', 'Give Medication - Antibiotics']}",yes,
Stomach ache and abdominal pain,2,Bloating,Bloating,Low,low,short-term,Examination - Stomach,Give Medication - IBS Medication,Give Medication - IBS Medication,,
Stomach ache and abdominal pain,3,Diarrhoea,Diarrhoea,Low,low,short-term,Interview - Diarrhoea,Give Advice - Drink Fluids,Give Advice - Hydration,,
Stomach ache and abdominal pain,1,,,Low,always,Initial,Interview - Pain,Give Medication - IBS Medication,Give Medication - IBS Medication,yes,
Syphilis,6,dementia,dementia,High,high,long-term,Interview - Cognitive Abilities,Cognitive Behavioural Therapy,Cognitive Behavioural Therapy,,
Syphilis,3,Paralysis,Paralysis,High,high,long-term,Physical Examination,,,,
Syphilis,4,Rash,Rash,Low,high,short-term,Physical Examination,Give Medication - Skin Ointment,Give Medication - Skin Ointment,,
Syphilis,7,stroke,stroke,High,high,long-term,"{'text': ['Use Device - CT', 'Run test - Bloodtest']}",Give Medication - Anti Blood Clot,Give Medication - Anti Blood Clot,,
Syphilis,5,swollen lymph node,Swollen Lymph Nodes,Low,high,short-term,Physical Examination,Give Medication - Painkiller,Give Medication - Painkillers,,
Syphilis,2,Ulcer - Genital Area,Ulcers - Genital Area,Low,always,Initial,Physical Examination,Give Medication - Skin Ointment,Give Medication - Skin Ointment,,
Syphilis,1,,,Low,always,Initial,Run test - Bloodtest,Give Medication - Antibiotics,Give Medication - Antibiotics,yes,
Tapeworm infection,4,Fatigue,Fatigue,Low,always,Initial,Interview - Fatigue,,,,
Tapeworm infection,3,Hunger,Hunger,Low,always,Initial,Interview - Symptoms,Give Advice - Nutrition,Give Advice - Nutrition,,
Tapeworm infection,5,Pain - Stomach,Pain - Stomach,Low,always,Initial,Interview - Pain,,,,
Tapeworm infection,2,Vitamin Deficiency,Vitamin Deficiency,Low,always,Initial,Run test - Bloodtest,Give Medication - Vitamin Supplement,Give Medication - Vitamin Supplement,,
Tapeworm infection,6,weight loss,Weight Loss,Low,always,Initial,Physical Examination - Weight,Give Advice - Nutrition,Give Advice - Nutrition,,
Tapeworm infection,1,,,Low,always,Initial,Run Test - Stool Analysis,Give Medication - Antihelmintics,Give Medication - Antihelmintics,yes,
Thalassaemia,6,Dark Urine,Dark Urine,Low,high,Initial,Run Test - Urine test,Give Advice - Hydration,Give Advice - Hydration,,
Thalassaemia,7,Enlarged Organs,Enlarged Organs,Low,high,Initial,"{'text': ['Use Device - CT', 'Use Device - MRI']}",,,,
Thalassaemia,2,Fatigue,Fatigue,Low,always,Initial,Interview - Fatigue,,,,
Thalassaemia,3,Jaundice,Jaundice,Low,always,Initial,Interview - Visual,,,,
Thalassaemia,5,Pale Skin,Pale Skin,Low,always,Initial,Physical Examination - Skin,,,,
Thalassaemia,4,Weakness,Weakness,Low,always,Initial,Physical Examination,,,,
Thalassaemia,1,,,Mid,always,Initial,Run Test - Blood Test,"{'text': ['Blood Transfusion', 'Severity']}","{'text': ['Blood Transfusion', 'Severity']}",yes,
Thyroid cancer: Teenagers and young adults,6,Difficulty breathing,Breathing problems,High,low,long-term,Interview - Visual,"{'text': ['Surgery', 'Radiation']}","{'text': ['Surgery', 'Radiotherapy']}",,
Thyroid cancer: Teenagers and young adults,5,Difficulty swallowing,Difficulty swallowing,High,low,long-term,Interview - Visual,"{'text': ['Surgery', 'Radiation']}","{'text': ['Surgery', 'Radiotherapy']}",,
Thyroid cancer: Teenagers and young adults,4,Hoarse voice,Hoarse voice,Low,low,long-term,Interview - Visual,"{'text': ['Surgery', 'Radiation']}","{'text': ['Surgery', 'Radiotherapy']}",,
Thyroid cancer: Teenagers and young adults,2,Painless lump in the neck,Painless lump in the neck,High,high,long-term,Interview - Visual,"{'text': ['Surgery', 'Radiation']}","{'text': ['Surgery', 'Radiotherapy']}",yes,
Thyroid cancer: Teenagers and young adults,3,Swollen neck glands,Swollen Lymph Nodes,Mid,high,long-term,Interview - Visual,"{'text': ['Surgery', 'Radiation']}","{'text': ['Surgery', 'Radiotherapy']}",yes,
Thyroid cancer: Teenagers and young adults,1,,,Low,always,Initial,"{'text': ['Interview - Visual', 'Run Test - Ultrasound', 'Run Test - Biopsy', 'Run Test - FNA']}","{'text': ['Surgery', 'Radiation']}","{'text': ['Surgery', 'Radiotherapy']}",yes,
Tooth decay,4,bad breath,bad breath,Low,high,short-term,Interview - Smell,,,,
Tooth decay,5,Black spots - Teeth,Black spots - Teeth,Low,high,short-term,Physical Examination - Teeth,,,,
Tooth decay,2,tooth ache,tooth ache,Mid,always,Initial,Interview - Pain,Give Medication - Painkillers,Give Medication - Painkillers,,
Tooth decay,3,tooth sensitivity,tooth sensitivity,Low,high,Initial,Physical Examination - Teeth,Give Medication - Painkillers,Give Medication - Painkillers,,
Tooth decay,1,,,Mid,always,Initial,Use Device - X-Ray,"{'text': ['Check severity', 'Root Canal', 'Dental Filling', 'Give Advice - Nutrition', 'Denture']}","{'text': ['Check severity', 'Root Canal', 'Dental Filling', 'Give Advice - Nutrition', 'Denture']}",yes,
Tuberculosis (TB),5,fatigue,Fatigue,Low,high,Initial,Interview - Fatigue,,,,
Tuberculosis (TB),4,fever,Fever,Mid,always,Initial,Use Device - Thermometer,Give Medication - Antipyretic,Give Medication - Antipyretic,,
Tuberculosis (TB),6,loss of apetite,Loss of Apetite,Low,high,Initial,Interview - Appetite,,,,
Acute cholecystitis,1,,,Mid,always,Initial,"{'text': ['Run Test - Murphys Sign', 'Run Test - Full Bloodcount', 'Use Device - Ultrasonography']}","{'text': ['Give Advice - Fasting', 'Use Device - IV (Fluids)', 'Surgery - Abdomen']}","{'text': ['Give Advice - Fasting', 'Use Device - IV (Fluids)', 'Surgery - Abdomen']}",yes,yes
Acute cholecystitis,2,Pain - Abdominal,Pain - Abdomen,Low,always,Initial,Interview - Pain,Give Medication - Painkillers,Give Medication - Painkillers,,yes
Acute cholecystitis,3,Nausea,Nausea,Low,medium,short-term,Interview - Nausea,Give Medication - Antiemetics,Give Medication - Antiemetics,,yes
Acute cholecystitis,4,Vomiting,Nausea,Low,medium,short-term,Interview - Vomiting,Give Medication - Antiemetics,Give Medication - Antiemetics,,yes
Acute cholecystitis,5,Fever,Fever,Mid,medium,short-term,Use Device - Thermometer,Give Medication - Antipyretic,Give Medication - Antipyretic,,yes
Acute cholecystitis,6,Jaundice,Jaundice,Low,low,short-term,Interview - VIsual,,,,yes
Acute cholecystitis,7,Gallbladder - Rupture,Gallbladder - Rupture,High,medium,short-term,Use Device - Ultrasonography,Surgery - Abdomen,Surgery - Cholecystectomy,,yes
Chlamydia,1,,,Mid,always,Initial,"{'text': ['Urine test', 'Swab - Antigen for chlamydia']}",Give medication - Antibiotics,Give medication - Antibiotics,yes,yes
Chlamydia,2,Painful Urination,Pain - Urinate,Mid,high,Initial,Interview - pain,,,,yes
Chlamydia,3,Genital discharge,Genital discharge,Mid,high,short-term,Interview - physical,,,,yes
Chlamydia,4,Red eyes,Red eyes,Low,medium,short-term,Interview - visual,,,,yes
Chlamydia,5,Rectal pain,Pain - Rectum,Low,always,Initial,Interview - Pain,,,,yes
Tuberculosis (TB),3,Weight loss,Weight Loss,High,high,short-term,Physical Examination - Weight,,,,
Tuberculosis (TB),2,Wet cough,Wet cough,Low,always,Initial,Interview - Symptoms,Give Medication - Cough Medicine,Give Medication - Cough Medicine,,
Tuberculosis (TB),1,,,High,always,Initial,Run test - TB test,Give Medication - Antibiotics,Give Medication - Antibiotics,yes,
Type 1 diabetes,4,Fatigue,Fatigue,Low,always,Initial,Interview - Fatigue,,,,
Type 1 diabetes,3,Frequent Urination,Frequent Urination,Low,always,Initial,Interview - Symptoms,,,,
Type 1 diabetes,2,Thirst,Thirst,Low,always,Initial,Interview - Symptoms,,,,
Type 1 diabetes,5,weight loss,Weight Loss,Low,always,Initial,Physical Examination - Weight,,,,
Type 1 diabetes,1,,,Low,always,Initial,"{'text': ['Run test - Urine Sample', 'Run test - Specific Blood test']}","{'text': ['Give Advice - Nutrition', 'Give Medication - Specific']}","{'text': ['Give Advice - Nutrition', 'Give Medication - Specific']}",yes,
Ulcerative Colitis,3,Anemia,Anaemia,Low,always,Initial,Run Test - Blood Test,Give Medication - Vitamins,Give Medication - Vitamin Supplement,,
Ulcerative Colitis,7,Dehydration,Dehydration,Low,medium,Initial,,,,,
Acute Kidney Injury,1,,,High,always,initial,Use Device - MRI,Use Device - Dialysis,Use Device - Dialysis,yes,yes
Acute Kidney Injury,2,Edema,Edema,Low,always,Initial,Physical Examination,Give Medication - Diuretics,Give Medication - Diuretics,,yes
Acute Kidney Injury,3,Azotemia,Azotemia,High,always,short-term,Run test - Blood test,Use Device - Dialysis,Use Device - Dialysis,,yes
Acute Kidney Injury,4,Pain - Stomach,Pain - Stomach,Low,always,initial,Interview - Pain,Give Medication - Painkiller,Give Medication - Painkillers,,yes
Acute Kidney Injury,5,Hypertension,High Blood Pressure,Low,always,initial,Physical Examination - Blood pressure,Give Medication - Bloodthinner,Give Medication - Bloodthinner,,yes
Acute Kidney Injury,6,Confusion,Confusion,Low,always,initial,Interview,,,,yes
Acute Kidney Injury,7,Hypocalcaemia,Hypocalcaemia,Low,always,initial,,Give Medication - calcium gluconate,Give Medication - Calcium gluconate,,yes
Ulcerative Colitis,4,diearrhoea,Diarrhoea,Low,high,Initial,Interview - Diarrhoea,,,,
Ulcerative Colitis,6,Fever,Fever,Low,medium,Initial,Use Device - Thermometer,,,,
Ulcerative Colitis,5,Pain - Stomach,Pain - Stomach,Low,high,Initial,Interview - Pain,,,,
Ulcerative Colitis,2,Pale Skin,Pale Skin,Low,medium,Initial,Physical Examination - Skin,,,,
Ulcerative Colitis,1,,,Mid,always,Initial,Enterography,Give Medication - Corticosteroids,Give Medication - Corticosteroids,yes,
Urinary incontinence,1,,,Low,high,Initial,Interview,"{'text': ['lifestyle changes', 'excercise', 'bladder training', 'surgery', 'catheterization']}","{'text': ['lifestyle changes', 'excercise', 'bladder training', 'surgery', 'catheterization']}",yes,
Urticaria (hives),1,,,Low,always,Initial,"{'text': ['Examination - Rash', 'Interview - Allergens']}","{'text': ['Give Medication - Antihistamine', 'Give Medication - Steroids']}","{'text': ['Give Medication - Antihistamine', 'Give Medication - Steroids']}",yes,
Osteosarcoma,1,,,High,always,Initial,"{'text': ['Use Device - X rays', 'Biopsy - bone', 'Use Device - CT scanner', 'Use Device - MRI']}","{'text': ['Surgery - Bone tumor removal', 'Chemotherapy', 'Radiotherapy']}","{'text': ['Surgery - Bone tumor removal', 'Chemotherapy', 'Radiotherapy']}",yes,yes
Osteosarcoma,2,Bone pain,Bone pain,Mid,high,short-term,Interview - Pain,,,,yes
Osteosarcoma,3,Tenderness,Tenderness,Mid,high,short-term,Physical examination - palpation bone area,,,,yes
Vaginal cancer,4,Abnormal vaginal bleeding,Abnormal Bleeding - Vagina,High,high,Initial,Interview - vaginal bleeding,,,,
Vaginal cancer,5,Haematuria,Haematuria,Mid,medium,short-term,Run Test - urine test,,,,
Vaginal cancer,7,Lump in vagina,Lump - Vagina,Mid,medium,short-term,Physical examination - lump in vagina,,,,
Vaginal cancer,6,Pelvic pain,Pain -  Pelvis,Mid,medium,short-term,Interview - Pain,,,,
Vaginal cancer,3,Pain urinating,Pain - Urinate,Mid,medium,short-term,Interview - Pain,,,,
Vaginal cancer,2,Smelly vaginal discharge,Smelly vaginal discharge,Mid,high,short-term,Interview - vaginal discharge,,,,
Vaginal cancer,1,,,High,always,Initial,Colposcopy,"{'text': ['Radiotherapy', 'Chemotherapy']}","{'text': ['Radiotherapy', 'Chemotherapy']}",yes,
Vitamin B12 or folate deficiency anaemia,3,disturbed vision,disturbed vision,Low,medium,Initial,"{'text': ['Interview', 'Eye Examination']}",,,,
Vitamin B12 or folate deficiency anaemia,2,extreme tiredness,extreme tiredness,Low,medium,Initial,Interview,,,,
Vitamin B12 or folate deficiency anaemia,6,muscle weakness,Muscle Weakness,Low,medium,Initial,"{'text': ['Physical Examination', 'Interview']}",,,,
Vitamin B12 or folate deficiency anaemia,4,paraesthesia,paraesthesia,Low,medium,Initial,Interview,,,,
Vitamin B12 or folate deficiency anaemia,7,psychological problems,psychological problems,Low,medium,Initial,Interview,,,,
Vitamin B12 or folate deficiency anaemia,5,mouth ulcers,Ulcers - Mouth,Low,medium,Initial,Physical Examination,,,,
Abdominal aortic aneurysm,1,,,Mid,always,Initial,"{'text': ['Use Device - Ultrasound', 'Interview - Physical (Abdomen))']}",Surgery - Abdominal,Surgery - Abdomen,yes,yes 
Abdominal aortic aneurysm,2,Pain - Abdominal,Pain - Abdomen,Low,always,Initial,Interview - Pain,Give Medication - Painkillers,Give Medication - Painkillers,,yes 
Abdominal aortic aneurysm,3,Pain - Abdominal (Severe)),Pain - Abdomen,Low,high,short-term,Interview - Pain,Give Medication - Painkillers,Give Medication - Painkillers,,yes 
Abdominal aortic aneurysm,4,Pulsating - Abdominal,Pulsating - Abdominal,Low,high,Initial,Interview - Physical,,,,yes 
Abdominal aortic aneurysm,5,Rupture - Abdominal,Rupture - Abdominal,High,high,long-term,Surgery - Abdominal,Surgery - Abdominal,Surgery - Abdomen,,yes 
Vitamin B12 or folate deficiency anaemia,1,,,Low,always,Initial,Run Test - Blood Test,Give Medication - Vitamin B12 supplements,Give Medication - Vitamin B12 supplements,yes,
Vulval cancer,6,bleeding,Bleeding,Low,high,Initial,Interview - Symptoms,,,,
Vulval cancer,2,itching,Itchiness,Low,high,Initial,Interview - Physical,,,,
Vulval cancer,7,open sore,open sore,Low,high,Initial,,,,,
Vulval cancer,3,pain,pain,Low,high,Initial,Interview - Pain,,,,
Vulval cancer,4,soreness,soreness,Low,high,Initial,,,,,
Vulval cancer,5,tenderness,Tenderness,Low,high,Initial,Physical Examination,,,,
Appendicitis,1,,,High,always,Initial,"{'text': ['Abdominal palpation', 'Use device - CT scanner', 'Use device - Ultrasound']}",Surgery - Appendectomy,Surgery - Appendectomy,yes,yes
Appendicitis,2,Nausea,Nausea,Mid,medium,short-term,Interview - Nausea,Give Medication - Antiemetics,Give Medication - Antiemetics,,yes
Appendicitis,3,Diarrhoea,Diarrhoea,Mid,medium,short-term,Interview - Diarrhoea,Use Device - IV (Fluids),Use Device - IV (Fluids),,yes
Appendicitis,4,Fever,Fever,Mid,medium,short-term,Use Device - Thermometer,Give Medication - Antipyretic,Give Medication - Antipyretic,,yes
Appendicitis,5,Loss of apetite,Loss of Apetite,Mid,medium,short-term,Interview - apetite,,,,yes
Appendicitis,6,Pain - Abdominal,Pain - Abdomen,Low,medium,Initial,Interview  - pain,Give Medication - Pain Killers,Give Medication - Painkillers,,yes
Appendicitis,7,Tenderness - Abdominal,Tenderness - Abdominal,Low,medium,Initial,Interview - physical,,,,yes
Vulval cancer,1,,,High,always,Initial,"{'text': ['Interview', 'examination']}","{'text': ['surgery', 'radiotherapy', 'chemotherapy']}","{'text': ['Surgery', 'Radiotherapy', 'Chemotherapy']}",yes,
Womb (uterus) cancer,2,abnormal bleeding vagina,Abnormal Bleeding - Vagina,High,medium,Initial,use device - transvaginal ultrasound,,,yes,
Womb (uterus) cancer,3,vaginal bleeding between normal periods or after menopause,Abnormal Bleeding - Vagina,Mid,medium,long-term,use device - transvaginal ultrasound,,,,
Womb (uterus) cancer,7,"loss of appetite, tiredness, nausea","loss of appetite, tiredness, nausea",Mid,medium,long-term,,,,,
Womb (uterus) cancer,5,lower abdomen pain,Pain - Lower Abdomen,Low,medium,long-term,Interview - Pain,,,,
Womb (uterus) cancer,6,"pain in the back, legs, or pelvis","pain in the back, legs, or pelvis",Low,medium,long-term,Interview - Pain,,,,
Womb (uterus) cancer,1,,,High,low,Initial,"{'text': ['physical exam - pelvic area', 'run test - blood test']}","{'text': ['surgery - hysterectomy', 'use device - radiotherapy', 'give medication - chemotherapy']}","{'text': ['surgery - hysterectomy', 'use device - radiotherapy', 'give medication - chemotherapy']}",yes,